date,f107,source
2013-01-01,122.4,HISTORICAL_RECONSTRUCTED
2013-01-02,122.8,HISTORICAL_RECONSTRUCTED
2013-01-03,135.7,HISTORICAL_RECONSTRUCTED
2013-01-04,133.1,HISTORICAL_RECONSTRUCTED
2013-01-05,135.7,HISTORICAL_RECONSTRUCTED
2013-01-06,150.6,HISTORICAL_RECONSTRUCTED
2013-01-07,131.0,HISTORICAL_RECONSTRUCTED
2013-01-08,137.3,HISTORICAL_RECONSTRUCTED
2013-01-09,138.4,HISTORICAL_RECONSTRUCTED
2013-01-10,128.1,HISTORICAL_RECONSTRUCTED
2013-01-11,123.3,HISTORICAL_RECONSTRUCTED
2013-01-12,126.0,HISTORICAL_RECONSTRUCTED
2013-01-13,127.0,HISTORICAL_RECONSTRUCTED
2013-01-14,129.4,HISTORICAL_RECONSTRUCTED
2013-01-15,121.3,HISTORICAL_RECONSTRUCTED
2013-01-16,127.5,HISTORICAL_RECONSTRUCTED
2013-01-17,117.5,HISTORICAL_RECONSTRUCTED
2013-01-18,120.3,HISTORICAL_RECONSTRUCTED
2013-01-19,110.4,HISTORICAL_RECONSTRUCTED
2013-01-20,121.0,HISTORICAL_RECONSTRUCTED
2013-01-21,107.9,HISTORICAL_RECONSTRUCTED
2013-01-22,123.1,HISTORICAL_RECONSTRUCTED
2013-01-23,128.5,HISTORICAL_RECONSTRUCTED
2013-01-24,129.0,HISTORICAL_RECONSTRUCTED
2013-01-25,119.7,HISTORICAL_RECONSTRUCTED
2013-01-26,126.3,HISTORICAL_RECONSTRUCTED
2013-01-27,123.6,HISTORICAL_RECONSTRUCTED
2013-01-28,120.6,HISTORICAL_RECONSTRUCTED
2013-01-29,125.6,HISTORICAL_RECONSTRUCTED
2013-01-30,138.5,HISTORICAL_RECONSTRUCTED
2013-01-31,128.0,HISTORICAL_RECONSTRUCTED
2013-02-01,113.9,HISTORICAL_RECONSTRUCTED
2013-02-02,113.9,HISTORICAL_RECONSTRUCTED
2013-02-03,118.7,HISTORICAL_RECONSTRUCTED
2013-02-04,124.6,HISTORICAL_RECONSTRUCTED
2013-02-05,116.9,HISTORICAL_RECONSTRUCTED
2013-02-06,112.5,HISTORICAL_RECONSTRUCTED
2013-02-07,125.3,HISTORICAL_RECONSTRUCTED
2013-02-08,105.3,HISTORICAL_RECONSTRUCTED
2013-02-09,117.2,HISTORICAL_RECONSTRUCTED
2013-02-10,108.0,HISTORICAL_RECONSTRUCTED
2013-02-11,113.2,HISTORICAL_RECONSTRUCTED
2013-02-12,102.1,HISTORICAL_RECONSTRUCTED
2013-02-13,94.9,HISTORICAL_RECONSTRUCTED
2013-02-14,100.5,HISTORICAL_RECONSTRUCTED
2013-02-15,94.8,HISTORICAL_RECONSTRUCTED
2013-02-16,99.9,HISTORICAL_RECONSTRUCTED
2013-02-17,89.1,HISTORICAL_RECONSTRUCTED
2013-02-18,98.9,HISTORICAL_RECONSTRUCTED
2013-02-19,105.1,HISTORICAL_RECONSTRUCTED
2013-02-20,95.0,HISTORICAL_RECONSTRUCTED
2013-02-21,97.0,HISTORICAL_RECONSTRUCTED
2013-02-22,107.3,HISTORICAL_RECONSTRUCTED
2013-02-23,108.3,HISTORICAL_RECONSTRUCTED
2013-02-24,109.5,HISTORICAL_RECONSTRUCTED
2013-02-25,110.3,HISTORICAL_RECONSTRUCTED
2013-02-26,111.0,HISTORICAL_RECONSTRUCTED
2013-02-27,105.2,HISTORICAL_RECONSTRUCTED
2013-02-28,110.9,HISTORICAL_RECONSTRUCTED
2013-03-01,130.1,HISTORICAL_RECONSTRUCTED
2013-03-02,117.6,HISTORICAL_RECONSTRUCTED
2013-03-03,121.6,HISTORICAL_RECONSTRUCTED
2013-03-04,116.0,HISTORICAL_RECONSTRUCTED
2013-03-05,111.2,HISTORICAL_RECONSTRUCTED
2013-03-06,111.4,HISTORICAL_RECONSTRUCTED
2013-03-07,111.5,HISTORICAL_RECONSTRUCTED
2013-03-08,111.4,HISTORICAL_RECONSTRUCTED
2013-03-09,100.9,HISTORICAL_RECONSTRUCTED
2013-03-10,102.9,HISTORICAL_RECONSTRUCTED
2013-03-11,107.2,HISTORICAL_RECONSTRUCTED
2013-03-12,93.1,HISTORICAL_RECONSTRUCTED
2013-03-13,105.0,HISTORICAL_RECONSTRUCTED
2013-03-14,99.6,HISTORICAL_RECONSTRUCTED
2013-03-15,99.1,HISTORICAL_RECONSTRUCTED
2013-03-16,101.7,HISTORICAL_RECONSTRUCTED
2013-03-17,99.7,HISTORICAL_RECONSTRUCTED
2013-03-18,96.0,HISTORICAL_RECONSTRUCTED
2013-03-19,103.4,HISTORICAL_RECONSTRUCTED
2013-03-20,108.6,HISTORICAL_RECONSTRUCTED
2013-03-21,108.2,HISTORICAL_RECONSTRUCTED
2013-03-22,111.1,HISTORICAL_RECONSTRUCTED
2013-03-23,119.6,HISTORICAL_RECONSTRUCTED
2013-03-24,115.8,HISTORICAL_RECONSTRUCTED
2013-03-25,116.5,HISTORICAL_RECONSTRUCTED
2013-03-26,119.7,HISTORICAL_RECONSTRUCTED
2013-03-27,115.5,HISTORICAL_RECONSTRUCTED
2013-03-28,124.2,HISTORICAL_RECONSTRUCTED
2013-03-29,120.4,HISTORICAL_RECONSTRUCTED
2013-03-30,119.1,HISTORICAL_RECONSTRUCTED
2013-03-31,122.1,HISTORICAL_RECONSTRUCTED
2013-04-01,128.9,HISTORICAL_RECONSTRUCTED
2013-04-02,128.5,HISTORICAL_RECONSTRUCTED
2013-04-03,121.1,HISTORICAL_RECONSTRUCTED
2013-04-04,127.3,HISTORICAL_RECONSTRUCTED
2013-04-05,125.1,HISTORICAL_RECONSTRUCTED
2013-04-06,120.0,HISTORICAL_RECONSTRUCTED
2013-04-07,117.3,HISTORICAL_RECONSTRUCTED
2013-04-08,106.5,HISTORICAL_RECONSTRUCTED
2013-04-09,112.5,HISTORICAL_RECONSTRUCTED
2013-04-10,105.6,HISTORICAL_RECONSTRUCTED
2013-04-11,112.3,HISTORICAL_RECONSTRUCTED
2013-04-12,104.1,HISTORICAL_RECONSTRUCTED
2013-04-13,98.2,HISTORICAL_RECONSTRUCTED
2013-04-14,108.3,HISTORICAL_RECONSTRUCTED
2013-04-15,116.9,HISTORICAL_RECONSTRUCTED
2013-04-16,105.5,HISTORICAL_RECONSTRUCTED
2013-04-17,113.3,HISTORICAL_RECONSTRUCTED
2013-04-18,119.0,HISTORICAL_RECONSTRUCTED
2013-04-19,114.2,HISTORICAL_RECONSTRUCTED
2013-04-20,133.9,HISTORICAL_RECONSTRUCTED
2013-04-21,132.2,HISTORICAL_RECONSTRUCTED
2013-04-22,140.9,HISTORICAL_RECONSTRUCTED
2013-04-23,137.5,HISTORICAL_RECONSTRUCTED
2013-04-24,132.2,HISTORICAL_RECONSTRUCTED
2013-04-25,137.4,HISTORICAL_RECONSTRUCTED
2013-04-26,131.1,HISTORICAL_RECONSTRUCTED
2013-04-27,125.8,HISTORICAL_RECONSTRUCTED
2013-04-28,131.4,HISTORICAL_RECONSTRUCTED
2013-04-29,136.9,HISTORICAL_RECONSTRUCTED
2013-04-30,133.5,HISTORICAL_RECONSTRUCTED
2013-05-01,131.4,HISTORICAL_RECONSTRUCTED
2013-05-02,137.4,HISTORICAL_RECONSTRUCTED
2013-05-03,133.8,HISTORICAL_RECONSTRUCTED
2013-05-04,119.2,HISTORICAL_RECONSTRUCTED
2013-05-05,123.3,HISTORICAL_RECONSTRUCTED
2013-05-06,122.1,HISTORICAL_RECONSTRUCTED
2013-05-07,126.3,HISTORICAL_RECONSTRUCTED
2013-05-08,122.5,HISTORICAL_RECONSTRUCTED
2013-05-09,121.8,HISTORICAL_RECONSTRUCTED
2013-05-10,122.8,HISTORICAL_RECONSTRUCTED
2013-05-11,113.8,HISTORICAL_RECONSTRUCTED
2013-05-12,115.2,HISTORICAL_RECONSTRUCTED
2013-05-13,122.7,HISTORICAL_RECONSTRUCTED
2013-05-14,127.7,HISTORICAL_RECONSTRUCTED
2013-05-15,135.5,HISTORICAL_RECONSTRUCTED
2013-05-16,145.4,HISTORICAL_RECONSTRUCTED
2013-05-17,133.0,HISTORICAL_RECONSTRUCTED
2013-05-18,140.2,HISTORICAL_RECONSTRUCTED
2013-05-19,138.8,HISTORICAL_RECONSTRUCTED
2013-05-20,138.5,HISTORICAL_RECONSTRUCTED
2013-05-21,145.4,HISTORICAL_RECONSTRUCTED
2013-05-22,137.9,HISTORICAL_RECONSTRUCTED
2013-05-23,145.9,HISTORICAL_RECONSTRUCTED
2013-05-24,144.8,HISTORICAL_RECONSTRUCTED
2013-05-25,152.1,HISTORICAL_RECONSTRUCTED
2013-05-26,153.4,HISTORICAL_RECONSTRUCTED
2013-05-27,143.0,HISTORICAL_RECONSTRUCTED
2013-05-28,147.3,HISTORICAL_RECONSTRUCTED
2013-05-29,132.4,HISTORICAL_RECONSTRUCTED
2013-05-30,127.5,HISTORICAL_RECONSTRUCTED
2013-05-31,114.4,HISTORICAL_RECONSTRUCTED
2013-06-01,121.2,HISTORICAL_RECONSTRUCTED
2013-06-02,107.8,HISTORICAL_RECONSTRUCTED
2013-06-03,95.1,HISTORICAL_RECONSTRUCTED
2013-06-04,103.6,HISTORICAL_RECONSTRUCTED
2013-06-05,112.3,HISTORICAL_RECONSTRUCTED
2013-06-06,94.9,HISTORICAL_RECONSTRUCTED
2013-06-07,103.8,HISTORICAL_RECONSTRUCTED
2013-06-08,94.3,HISTORICAL_RECONSTRUCTED
2013-06-09,107.7,HISTORICAL_RECONSTRUCTED
2013-06-10,103.6,HISTORICAL_RECONSTRUCTED
2013-06-11,110.4,HISTORICAL_RECONSTRUCTED
2013-06-12,111.4,HISTORICAL_RECONSTRUCTED
2013-06-13,110.4,HISTORICAL_RECONSTRUCTED
2013-06-14,111.2,HISTORICAL_RECONSTRUCTED
2013-06-15,112.9,HISTORICAL_RECONSTRUCTED
2013-06-16,126.0,HISTORICAL_RECONSTRUCTED
2013-06-17,124.1,HISTORICAL_RECONSTRUCTED
2013-06-18,134.6,HISTORICAL_RECONSTRUCTED
2013-06-19,125.7,HISTORICAL_RECONSTRUCTED
2013-06-20,110.9,HISTORICAL_RECONSTRUCTED
2013-06-21,121.5,HISTORICAL_RECONSTRUCTED
2013-06-22,118.9,HISTORICAL_RECONSTRUCTED
2013-06-23,122.3,HISTORICAL_RECONSTRUCTED
2013-06-24,114.0,HISTORICAL_RECONSTRUCTED
2013-06-25,119.9,HISTORICAL_RECONSTRUCTED
2013-06-26,116.5,HISTORICAL_RECONSTRUCTED
2013-06-27,102.3,HISTORICAL_RECONSTRUCTED
2013-06-28,118.9,HISTORICAL_RECONSTRUCTED
2013-06-29,94.8,HISTORICAL_RECONSTRUCTED
2013-06-30,98.9,HISTORICAL_RECONSTRUCTED
2013-07-01,114.2,HISTORICAL_RECONSTRUCTED
2013-07-02,114.9,HISTORICAL_RECONSTRUCTED
2013-07-03,98.3,HISTORICAL_RECONSTRUCTED
2013-07-04,112.3,HISTORICAL_RECONSTRUCTED
2013-07-05,112.7,HISTORICAL_RECONSTRUCTED
2013-07-06,104.2,HISTORICAL_RECONSTRUCTED
2013-07-07,102.7,HISTORICAL_RECONSTRUCTED
2013-07-08,124.1,HISTORICAL_RECONSTRUCTED
2013-07-09,105.9,HISTORICAL_RECONSTRUCTED
2013-07-10,112.8,HISTORICAL_RECONSTRUCTED
2013-07-11,109.0,HISTORICAL_RECONSTRUCTED
2013-07-12,124.6,HISTORICAL_RECONSTRUCTED
2013-07-13,125.7,HISTORICAL_RECONSTRUCTED
2013-07-14,122.7,HISTORICAL_RECONSTRUCTED
2013-07-15,127.1,HISTORICAL_RECONSTRUCTED
2013-07-16,122.9,HISTORICAL_RECONSTRUCTED
2013-07-17,133.7,HISTORICAL_RECONSTRUCTED
2013-07-18,126.0,HISTORICAL_RECONSTRUCTED
2013-07-19,120.1,HISTORICAL_RECONSTRUCTED
2013-07-20,122.5,HISTORICAL_RECONSTRUCTED
2013-07-21,120.5,HISTORICAL_RECONSTRUCTED
2013-07-22,129.7,HISTORICAL_RECONSTRUCTED
2013-07-23,123.6,HISTORICAL_RECONSTRUCTED
2013-07-24,116.5,HISTORICAL_RECONSTRUCTED
2013-07-25,115.3,HISTORICAL_RECONSTRUCTED
2013-07-26,114.4,HISTORICAL_RECONSTRUCTED
2013-07-27,110.2,HISTORICAL_RECONSTRUCTED
2013-07-28,104.8,HISTORICAL_RECONSTRUCTED
2013-07-29,93.3,HISTORICAL_RECONSTRUCTED
2013-07-30,110.9,HISTORICAL_RECONSTRUCTED
2013-07-31,108.4,HISTORICAL_RECONSTRUCTED
2013-08-01,104.5,HISTORICAL_RECONSTRUCTED
2013-08-02,114.3,HISTORICAL_RECONSTRUCTED
2013-08-03,105.3,HISTORICAL_RECONSTRUCTED
2013-08-04,108.6,HISTORICAL_RECONSTRUCTED
2013-08-05,127.8,HISTORICAL_RECONSTRUCTED
2013-08-06,109.9,HISTORICAL_RECONSTRUCTED
2013-08-07,115.6,HISTORICAL_RECONSTRUCTED
2013-08-08,116.1,HISTORICAL_RECONSTRUCTED
2013-08-09,127.3,HISTORICAL_RECONSTRUCTED
2013-08-10,127.7,HISTORICAL_RECONSTRUCTED
2013-08-11,117.3,HISTORICAL_RECONSTRUCTED
2013-08-12,123.8,HISTORICAL_RECONSTRUCTED
2013-08-13,113.3,HISTORICAL_RECONSTRUCTED
2013-08-14,125.0,HISTORICAL_RECONSTRUCTED
2013-08-15,123.3,HISTORICAL_RECONSTRUCTED
2013-08-16,119.0,HISTORICAL_RECONSTRUCTED
2013-08-17,129.7,HISTORICAL_RECONSTRUCTED
2013-08-18,119.1,HISTORICAL_RECONSTRUCTED
2013-08-19,128.7,HISTORICAL_RECONSTRUCTED
2013-08-20,119.8,HISTORICAL_RECONSTRUCTED
2013-08-21,106.4,HISTORICAL_RECONSTRUCTED
2013-08-22,106.1,HISTORICAL_RECONSTRUCTED
2013-08-23,104.8,HISTORICAL_RECONSTRUCTED
2013-08-24,99.8,HISTORICAL_RECONSTRUCTED
2013-08-25,106.7,HISTORICAL_RECONSTRUCTED
2013-08-26,104.3,HISTORICAL_RECONSTRUCTED
2013-08-27,102.1,HISTORICAL_RECONSTRUCTED
2013-08-28,104.5,HISTORICAL_RECONSTRUCTED
2013-08-29,103.8,HISTORICAL_RECONSTRUCTED
2013-08-30,108.3,HISTORICAL_RECONSTRUCTED
2013-08-31,99.5,HISTORICAL_RECONSTRUCTED
2013-09-01,102.3,HISTORICAL_RECONSTRUCTED
2013-09-02,107.4,HISTORICAL_RECONSTRUCTED
2013-09-03,112.2,HISTORICAL_RECONSTRUCTED
2013-09-04,109.9,HISTORICAL_RECONSTRUCTED
2013-09-05,111.1,HISTORICAL_RECONSTRUCTED
2013-09-06,112.2,HISTORICAL_RECONSTRUCTED
2013-09-07,119.7,HISTORICAL_RECONSTRUCTED
2013-09-08,125.6,HISTORICAL_RECONSTRUCTED
2013-09-09,131.2,HISTORICAL_RECONSTRUCTED
2013-09-10,115.6,HISTORICAL_RECONSTRUCTED
2013-09-11,116.1,HISTORICAL_RECONSTRUCTED
2013-09-12,118.6,HISTORICAL_RECONSTRUCTED
2013-09-13,130.6,HISTORICAL_RECONSTRUCTED
2013-09-14,112.4,HISTORICAL_RECONSTRUCTED
2013-09-15,109.3,HISTORICAL_RECONSTRUCTED
2013-09-16,113.3,HISTORICAL_RECONSTRUCTED
2013-09-17,112.9,HISTORICAL_RECONSTRUCTED
2013-09-18,108.0,HISTORICAL_RECONSTRUCTED
2013-09-19,94.1,HISTORICAL_RECONSTRUCTED
2013-09-20,106.2,HISTORICAL_RECONSTRUCTED
2013-09-21,100.0,HISTORICAL_RECONSTRUCTED
2013-09-22,96.8,HISTORICAL_RECONSTRUCTED
2013-09-23,104.6,HISTORICAL_RECONSTRUCTED
2013-09-24,90.9,HISTORICAL_RECONSTRUCTED
2013-09-25,96.1,HISTORICAL_RECONSTRUCTED
2013-09-26,102.4,HISTORICAL_RECONSTRUCTED
2013-09-27,100.1,HISTORICAL_RECONSTRUCTED
2013-09-28,102.2,HISTORICAL_RECONSTRUCTED
2013-09-29,94.7,HISTORICAL_RECONSTRUCTED
2013-09-30,103.0,HISTORICAL_RECONSTRUCTED
2013-10-01,141.4,HISTORICAL_RECONSTRUCTED
2013-10-02,142.2,HISTORICAL_RECONSTRUCTED
2013-10-03,135.2,HISTORICAL_RECONSTRUCTED
2013-10-04,140.8,HISTORICAL_RECONSTRUCTED
2013-10-05,156.3,HISTORICAL_RECONSTRUCTED
2013-10-06,147.4,HISTORICAL_RECONSTRUCTED
2013-10-07,141.4,HISTORICAL_RECONSTRUCTED
2013-10-08,143.4,HISTORICAL_RECONSTRUCTED
2013-10-09,143.4,HISTORICAL_RECONSTRUCTED
2013-10-10,141.6,HISTORICAL_RECONSTRUCTED
2013-10-11,123.7,HISTORICAL_RECONSTRUCTED
2013-10-12,138.5,HISTORICAL_RECONSTRUCTED
2013-10-13,141.6,HISTORICAL_RECONSTRUCTED
2013-10-14,124.1,HISTORICAL_RECONSTRUCTED
2013-10-15,121.2,HISTORICAL_RECONSTRUCTED
2013-10-16,125.9,HISTORICAL_RECONSTRUCTED
2013-10-17,131.8,HISTORICAL_RECONSTRUCTED
2013-10-18,116.4,HISTORICAL_RECONSTRUCTED
2013-10-19,114.0,HISTORICAL_RECONSTRUCTED
2013-10-20,111.2,HISTORICAL_RECONSTRUCTED
2013-10-21,123.7,HISTORICAL_RECONSTRUCTED
2013-10-22,119.1,HISTORICAL_RECONSTRUCTED
2013-10-23,123.4,HISTORICAL_RECONSTRUCTED
2013-10-24,118.1,HISTORICAL_RECONSTRUCTED
2013-10-25,120.7,HISTORICAL_RECONSTRUCTED
2013-10-26,110.0,HISTORICAL_RECONSTRUCTED
2013-10-27,126.1,HISTORICAL_RECONSTRUCTED
2013-10-28,117.0,HISTORICAL_RECONSTRUCTED
2013-10-29,130.8,HISTORICAL_RECONSTRUCTED
2013-10-30,138.9,HISTORICAL_RECONSTRUCTED
2013-10-31,146.3,HISTORICAL_RECONSTRUCTED
2013-11-01,140.8,HISTORICAL_RECONSTRUCTED
2013-11-02,154.7,HISTORICAL_RECONSTRUCTED
2013-11-03,166.5,HISTORICAL_RECONSTRUCTED
2013-11-04,155.2,HISTORICAL_RECONSTRUCTED
2013-11-05,149.6,HISTORICAL_RECONSTRUCTED
2013-11-06,148.4,HISTORICAL_RECONSTRUCTED
2013-11-07,154.1,HISTORICAL_RECONSTRUCTED
2013-11-08,154.5,HISTORICAL_RECONSTRUCTED
2013-11-09,158.6,HISTORICAL_RECONSTRUCTED
2013-11-10,147.7,HISTORICAL_RECONSTRUCTED
2013-11-11,135.9,HISTORICAL_RECONSTRUCTED
2013-11-12,132.8,HISTORICAL_RECONSTRUCTED
2013-11-13,147.6,HISTORICAL_RECONSTRUCTED
2013-11-14,138.6,HISTORICAL_RECONSTRUCTED
2013-11-15,131.5,HISTORICAL_RECONSTRUCTED
2013-11-16,124.2,HISTORICAL_RECONSTRUCTED
2013-11-17,124.5,HISTORICAL_RECONSTRUCTED
2013-11-18,122.8,HISTORICAL_RECONSTRUCTED
2013-11-19,128.5,HISTORICAL_RECONSTRUCTED
2013-11-20,126.5,HISTORICAL_RECONSTRUCTED
2013-11-21,122.9,HISTORICAL_RECONSTRUCTED
2013-11-22,141.1,HISTORICAL_RECONSTRUCTED
2013-11-23,133.4,HISTORICAL_RECONSTRUCTED
2013-11-24,135.4,HISTORICAL_RECONSTRUCTED
2013-11-25,145.9,HISTORICAL_RECONSTRUCTED
2013-11-26,143.6,HISTORICAL_RECONSTRUCTED
2013-11-27,149.3,HISTORICAL_RECONSTRUCTED
2013-11-28,145.2,HISTORICAL_RECONSTRUCTED
2013-11-29,154.5,HISTORICAL_RECONSTRUCTED
2013-11-30,163.5,HISTORICAL_RECONSTRUCTED
2013-12-01,155.1,HISTORICAL_RECONSTRUCTED
2013-12-02,159.4,HISTORICAL_RECONSTRUCTED
2013-12-03,171.4,HISTORICAL_RECONSTRUCTED
2013-12-04,146.6,HISTORICAL_RECONSTRUCTED
2013-12-05,154.4,HISTORICAL_RECONSTRUCTED
2013-12-06,156.5,HISTORICAL_RECONSTRUCTED
2013-12-07,149.3,HISTORICAL_RECONSTRUCTED
2013-12-08,164.9,HISTORICAL_RECONSTRUCTED
2013-12-09,142.2,HISTORICAL_RECONSTRUCTED
2013-12-10,152.9,HISTORICAL_RECONSTRUCTED
2013-12-11,148.9,HISTORICAL_RECONSTRUCTED
2013-12-12,138.6,HISTORICAL_RECONSTRUCTED
2013-12-13,126.5,HISTORICAL_RECONSTRUCTED
2013-12-14,137.0,HISTORICAL_RECONSTRUCTED
2013-12-15,125.0,HISTORICAL_RECONSTRUCTED
2013-12-16,142.4,HISTORICAL_RECONSTRUCTED
2013-12-17,145.8,HISTORICAL_RECONSTRUCTED
2013-12-18,140.8,HISTORICAL_RECONSTRUCTED
2013-12-19,141.6,HISTORICAL_RECONSTRUCTED
2013-12-20,144.4,HISTORICAL_RECONSTRUCTED
2013-12-21,146.5,HISTORICAL_RECONSTRUCTED
2013-12-22,140.0,HISTORICAL_RECONSTRUCTED
2013-12-23,148.3,HISTORICAL_RECONSTRUCTED
2013-12-24,135.3,HISTORICAL_RECONSTRUCTED
2013-12-25,159.5,HISTORICAL_RECONSTRUCTED
2013-12-26,148.3,HISTORICAL_RECONSTRUCTED
2013-12-27,170.3,HISTORICAL_RECONSTRUCTED
2013-12-28,136.3,HISTORICAL_RECONSTRUCTED
2013-12-29,162.0,HISTORICAL_RECONSTRUCTED
2013-12-30,173.8,HISTORICAL_RECONSTRUCTED
2013-12-31,154.1,HISTORICAL_RECONSTRUCTED
2014-01-01,151.7,HISTORICAL_RECONSTRUCTED
2014-01-02,155.1,HISTORICAL_RECONSTRUCTED
2014-01-03,144.9,HISTORICAL_RECONSTRUCTED
2014-01-04,149.9,HISTORICAL_RECONSTRUCTED
2014-01-05,140.4,HISTORICAL_RECONSTRUCTED
2014-01-06,151.9,HISTORICAL_RECONSTRUCTED
2014-01-07,144.1,HISTORICAL_RECONSTRUCTED
2014-01-08,142.6,HISTORICAL_RECONSTRUCTED
2014-01-09,148.2,HISTORICAL_RECONSTRUCTED
2014-01-10,145.6,HISTORICAL_RECONSTRUCTED
2014-01-11,152.4,HISTORICAL_RECONSTRUCTED
2014-01-12,149.3,HISTORICAL_RECONSTRUCTED
2014-01-13,149.8,HISTORICAL_RECONSTRUCTED
2014-01-14,152.6,HISTORICAL_RECONSTRUCTED
2014-01-15,159.8,HISTORICAL_RECONSTRUCTED
2014-01-16,181.7,HISTORICAL_RECONSTRUCTED
2014-01-17,178.7,HISTORICAL_RECONSTRUCTED
2014-01-18,159.7,HISTORICAL_RECONSTRUCTED
2014-01-19,175.1,HISTORICAL_RECONSTRUCTED
2014-01-20,169.1,HISTORICAL_RECONSTRUCTED
2014-01-21,166.5,HISTORICAL_RECONSTRUCTED
2014-01-22,171.9,HISTORICAL_RECONSTRUCTED
2014-01-23,173.8,HISTORICAL_RECONSTRUCTED
2014-01-24,168.8,HISTORICAL_RECONSTRUCTED
2014-01-25,164.4,HISTORICAL_RECONSTRUCTED
2014-01-26,162.1,HISTORICAL_RECONSTRUCTED
2014-01-27,165.9,HISTORICAL_RECONSTRUCTED
2014-01-28,153.0,HISTORICAL_RECONSTRUCTED
2014-01-29,136.0,HISTORICAL_RECONSTRUCTED
2014-01-30,150.5,HISTORICAL_RECONSTRUCTED
2014-01-31,144.6,HISTORICAL_RECONSTRUCTED
2014-02-01,158.0,HISTORICAL_RECONSTRUCTED
2014-02-02,158.9,HISTORICAL_RECONSTRUCTED
2014-02-03,158.0,HISTORICAL_RECONSTRUCTED
2014-02-04,154.1,HISTORICAL_RECONSTRUCTED
2014-02-05,164.4,HISTORICAL_RECONSTRUCTED
2014-02-06,152.7,HISTORICAL_RECONSTRUCTED
2014-02-07,166.1,HISTORICAL_RECONSTRUCTED
2014-02-08,150.7,HISTORICAL_RECONSTRUCTED
2014-02-09,181.5,HISTORICAL_RECONSTRUCTED
2014-02-10,169.0,HISTORICAL_RECONSTRUCTED
2014-02-11,168.3,HISTORICAL_RECONSTRUCTED
2014-02-12,194.4,HISTORICAL_RECONSTRUCTED
2014-02-13,174.7,HISTORICAL_RECONSTRUCTED
2014-02-14,186.4,HISTORICAL_RECONSTRUCTED
2014-02-15,175.6,HISTORICAL_RECONSTRUCTED
2014-02-16,199.4,HISTORICAL_RECONSTRUCTED
2014-02-17,189.2,HISTORICAL_RECONSTRUCTED
2014-02-18,178.0,HISTORICAL_RECONSTRUCTED
2014-02-19,186.2,HISTORICAL_RECONSTRUCTED
2014-02-20,187.3,HISTORICAL_RECONSTRUCTED
2014-02-21,187.4,HISTORICAL_RECONSTRUCTED
2014-02-22,197.8,HISTORICAL_RECONSTRUCTED
2014-02-23,194.7,HISTORICAL_RECONSTRUCTED
2014-02-24,172.4,HISTORICAL_RECONSTRUCTED
2014-02-25,171.6,HISTORICAL_RECONSTRUCTED
2014-02-26,177.7,HISTORICAL_RECONSTRUCTED
2014-02-27,167.0,HISTORICAL_RECONSTRUCTED
2014-02-28,167.1,HISTORICAL_RECONSTRUCTED
2014-03-01,143.9,HISTORICAL_RECONSTRUCTED
2014-03-02,134.5,HISTORICAL_RECONSTRUCTED
2014-03-03,143.7,HISTORICAL_RECONSTRUCTED
2014-03-04,130.9,HISTORICAL_RECONSTRUCTED
2014-03-05,152.7,HISTORICAL_RECONSTRUCTED
2014-03-06,152.2,HISTORICAL_RECONSTRUCTED
2014-03-07,155.8,HISTORICAL_RECONSTRUCTED
2014-03-08,141.8,HISTORICAL_RECONSTRUCTED
2014-03-09,152.9,HISTORICAL_RECONSTRUCTED
2014-03-10,171.0,HISTORICAL_RECONSTRUCTED
2014-03-11,164.4,HISTORICAL_RECONSTRUCTED
2014-03-12,153.6,HISTORICAL_RECONSTRUCTED
2014-03-13,160.1,HISTORICAL_RECONSTRUCTED
2014-03-14,159.1,HISTORICAL_RECONSTRUCTED
2014-03-15,164.5,HISTORICAL_RECONSTRUCTED
2014-03-16,182.4,HISTORICAL_RECONSTRUCTED
2014-03-17,167.6,HISTORICAL_RECONSTRUCTED
2014-03-18,174.9,HISTORICAL_RECONSTRUCTED
2014-03-19,167.0,HISTORICAL_RECONSTRUCTED
2014-03-20,156.8,HISTORICAL_RECONSTRUCTED
2014-03-21,141.7,HISTORICAL_RECONSTRUCTED
2014-03-22,137.4,HISTORICAL_RECONSTRUCTED
2014-03-23,158.3,HISTORICAL_RECONSTRUCTED
2014-03-24,140.5,HISTORICAL_RECONSTRUCTED
2014-03-25,140.7,HISTORICAL_RECONSTRUCTED
2014-03-26,132.9,HISTORICAL_RECONSTRUCTED
2014-03-27,134.8,HISTORICAL_RECONSTRUCTED
2014-03-28,132.6,HISTORICAL_RECONSTRUCTED
2014-03-29,126.8,HISTORICAL_RECONSTRUCTED
2014-03-30,149.3,HISTORICAL_RECONSTRUCTED
2014-03-31,131.1,HISTORICAL_RECONSTRUCTED
2014-04-01,118.3,HISTORICAL_RECONSTRUCTED
2014-04-02,130.1,HISTORICAL_RECONSTRUCTED
2014-04-03,132.1,HISTORICAL_RECONSTRUCTED
2014-04-04,140.8,HISTORICAL_RECONSTRUCTED
2014-04-05,129.7,HISTORICAL_RECONSTRUCTED
2014-04-06,140.3,HISTORICAL_RECONSTRUCTED
2014-04-07,158.5,HISTORICAL_RECONSTRUCTED
2014-04-08,147.3,HISTORICAL_RECONSTRUCTED
2014-04-09,153.6,HISTORICAL_RECONSTRUCTED
2014-04-10,153.9,HISTORICAL_RECONSTRUCTED
2014-04-11,155.4,HISTORICAL_RECONSTRUCTED
2014-04-12,145.7,HISTORICAL_RECONSTRUCTED
2014-04-13,140.3,HISTORICAL_RECONSTRUCTED
2014-04-14,157.2,HISTORICAL_RECONSTRUCTED
2014-04-15,147.4,HISTORICAL_RECONSTRUCTED
2014-04-16,140.2,HISTORICAL_RECONSTRUCTED
2014-04-17,130.4,HISTORICAL_RECONSTRUCTED
2014-04-18,134.5,HISTORICAL_RECONSTRUCTED
2014-04-19,138.7,HISTORICAL_RECONSTRUCTED
2014-04-20,146.6,HISTORICAL_RECONSTRUCTED
2014-04-21,130.2,HISTORICAL_RECONSTRUCTED
2014-04-22,113.5,HISTORICAL_RECONSTRUCTED
2014-04-23,122.0,HISTORICAL_RECONSTRUCTED
2014-04-24,130.8,HISTORICAL_RECONSTRUCTED
2014-04-25,135.0,HISTORICAL_RECONSTRUCTED
2014-04-26,126.8,HISTORICAL_RECONSTRUCTED
2014-04-27,118.7,HISTORICAL_RECONSTRUCTED
2014-04-28,129.4,HISTORICAL_RECONSTRUCTED
2014-04-29,123.5,HISTORICAL_RECONSTRUCTED
2014-04-30,132.7,HISTORICAL_RECONSTRUCTED
2014-05-01,107.3,HISTORICAL_RECONSTRUCTED
2014-05-02,123.1,HISTORICAL_RECONSTRUCTED
2014-05-03,121.8,HISTORICAL_RECONSTRUCTED
2014-05-04,120.2,HISTORICAL_RECONSTRUCTED
2014-05-05,131.9,HISTORICAL_RECONSTRUCTED
2014-05-06,118.6,HISTORICAL_RECONSTRUCTED
2014-05-07,133.5,HISTORICAL_RECONSTRUCTED
2014-05-08,119.9,HISTORICAL_RECONSTRUCTED
2014-05-09,137.5,HISTORICAL_RECONSTRUCTED
2014-05-10,132.8,HISTORICAL_RECONSTRUCTED
2014-05-11,126.2,HISTORICAL_RECONSTRUCTED
2014-05-12,132.6,HISTORICAL_RECONSTRUCTED
2014-05-13,125.0,HISTORICAL_RECONSTRUCTED
2014-05-14,116.9,HISTORICAL_RECONSTRUCTED
2014-05-15,119.1,HISTORICAL_RECONSTRUCTED
2014-05-16,114.0,HISTORICAL_RECONSTRUCTED
2014-05-17,107.2,HISTORICAL_RECONSTRUCTED
2014-05-18,114.1,HISTORICAL_RECONSTRUCTED
2014-05-19,115.9,HISTORICAL_RECONSTRUCTED
2014-05-20,102.1,HISTORICAL_RECONSTRUCTED
2014-05-21,97.6,HISTORICAL_RECONSTRUCTED
2014-05-22,115.2,HISTORICAL_RECONSTRUCTED
2014-05-23,105.4,HISTORICAL_RECONSTRUCTED
2014-05-24,105.8,HISTORICAL_RECONSTRUCTED
2014-05-25,105.2,HISTORICAL_RECONSTRUCTED
2014-05-26,113.6,HISTORICAL_RECONSTRUCTED
2014-05-27,122.3,HISTORICAL_RECONSTRUCTED
2014-05-28,118.5,HISTORICAL_RECONSTRUCTED
2014-05-29,115.6,HISTORICAL_RECONSTRUCTED
2014-05-30,119.5,HISTORICAL_RECONSTRUCTED
2014-05-31,123.0,HISTORICAL_RECONSTRUCTED
2014-06-01,123.5,HISTORICAL_RECONSTRUCTED
2014-06-02,123.2,HISTORICAL_RECONSTRUCTED
2014-06-03,131.4,HISTORICAL_RECONSTRUCTED
2014-06-04,135.5,HISTORICAL_RECONSTRUCTED
2014-06-05,129.3,HISTORICAL_RECONSTRUCTED
2014-06-06,117.2,HISTORICAL_RECONSTRUCTED
2014-06-07,129.6,HISTORICAL_RECONSTRUCTED
2014-06-08,122.0,HISTORICAL_RECONSTRUCTED
2014-06-09,123.0,HISTORICAL_RECONSTRUCTED
2014-06-10,116.5,HISTORICAL_RECONSTRUCTED
2014-06-11,122.2,HISTORICAL_RECONSTRUCTED
2014-06-12,115.9,HISTORICAL_RECONSTRUCTED
2014-06-13,108.1,HISTORICAL_RECONSTRUCTED
2014-06-14,110.7,HISTORICAL_RECONSTRUCTED
2014-06-15,112.4,HISTORICAL_RECONSTRUCTED
2014-06-16,99.2,HISTORICAL_RECONSTRUCTED
2014-06-17,106.6,HISTORICAL_RECONSTRUCTED
2014-06-18,106.7,HISTORICAL_RECONSTRUCTED
2014-06-19,98.6,HISTORICAL_RECONSTRUCTED
2014-06-20,100.8,HISTORICAL_RECONSTRUCTED
2014-06-21,101.2,HISTORICAL_RECONSTRUCTED
2014-06-22,111.6,HISTORICAL_RECONSTRUCTED
2014-06-23,98.1,HISTORICAL_RECONSTRUCTED
2014-06-24,102.6,HISTORICAL_RECONSTRUCTED
2014-06-25,109.6,HISTORICAL_RECONSTRUCTED
2014-06-26,111.9,HISTORICAL_RECONSTRUCTED
2014-06-27,115.5,HISTORICAL_RECONSTRUCTED
2014-06-28,119.1,HISTORICAL_RECONSTRUCTED
2014-06-29,120.8,HISTORICAL_RECONSTRUCTED
2014-06-30,119.0,HISTORICAL_RECONSTRUCTED
2014-07-01,143.0,HISTORICAL_RECONSTRUCTED
2014-07-02,151.4,HISTORICAL_RECONSTRUCTED
2014-07-03,143.0,HISTORICAL_RECONSTRUCTED
2014-07-04,136.9,HISTORICAL_RECONSTRUCTED
2014-07-05,138.8,HISTORICAL_RECONSTRUCTED
2014-07-06,133.1,HISTORICAL_RECONSTRUCTED
2014-07-07,144.4,HISTORICAL_RECONSTRUCTED
2014-07-08,133.2,HISTORICAL_RECONSTRUCTED
2014-07-09,143.4,HISTORICAL_RECONSTRUCTED
2014-07-10,132.1,HISTORICAL_RECONSTRUCTED
2014-07-11,133.8,HISTORICAL_RECONSTRUCTED
2014-07-12,121.7,HISTORICAL_RECONSTRUCTED
2014-07-13,119.7,HISTORICAL_RECONSTRUCTED
2014-07-14,119.9,HISTORICAL_RECONSTRUCTED
2014-07-15,109.1,HISTORICAL_RECONSTRUCTED
2014-07-16,115.9,HISTORICAL_RECONSTRUCTED
2014-07-17,102.1,HISTORICAL_RECONSTRUCTED
2014-07-18,117.3,HISTORICAL_RECONSTRUCTED
2014-07-19,127.7,HISTORICAL_RECONSTRUCTED
2014-07-20,123.3,HISTORICAL_RECONSTRUCTED
2014-07-21,121.3,HISTORICAL_RECONSTRUCTED
2014-07-22,125.9,HISTORICAL_RECONSTRUCTED
2014-07-23,123.6,HISTORICAL_RECONSTRUCTED
2014-07-24,141.9,HISTORICAL_RECONSTRUCTED
2014-07-25,144.3,HISTORICAL_RECONSTRUCTED
2014-07-26,131.5,HISTORICAL_RECONSTRUCTED
2014-07-27,124.2,HISTORICAL_RECONSTRUCTED
2014-07-28,151.7,HISTORICAL_RECONSTRUCTED
2014-07-29,144.2,HISTORICAL_RECONSTRUCTED
2014-07-30,143.7,HISTORICAL_RECONSTRUCTED
2014-07-31,130.0,HISTORICAL_RECONSTRUCTED
2014-08-01,131.1,HISTORICAL_RECONSTRUCTED
2014-08-02,136.8,HISTORICAL_RECONSTRUCTED
2014-08-03,138.7,HISTORICAL_RECONSTRUCTED
2014-08-04,138.0,HISTORICAL_RECONSTRUCTED
2014-08-05,129.2,HISTORICAL_RECONSTRUCTED
2014-08-06,124.5,HISTORICAL_RECONSTRUCTED
2014-08-07,126.0,HISTORICAL_RECONSTRUCTED
2014-08-08,135.8,HISTORICAL_RECONSTRUCTED
2014-08-09,122.3,HISTORICAL_RECONSTRUCTED
2014-08-10,127.2,HISTORICAL_RECONSTRUCTED
2014-08-11,119.9,HISTORICAL_RECONSTRUCTED
2014-08-12,118.4,HISTORICAL_RECONSTRUCTED
2014-08-13,116.9,HISTORICAL_RECONSTRUCTED
2014-08-14,117.8,HISTORICAL_RECONSTRUCTED
2014-08-15,111.2,HISTORICAL_RECONSTRUCTED
2014-08-16,123.2,HISTORICAL_RECONSTRUCTED
2014-08-17,123.2,HISTORICAL_RECONSTRUCTED
2014-08-18,121.2,HISTORICAL_RECONSTRUCTED
2014-08-19,122.7,HISTORICAL_RECONSTRUCTED
2014-08-20,133.6,HISTORICAL_RECONSTRUCTED
2014-08-21,128.1,HISTORICAL_RECONSTRUCTED
2014-08-22,130.6,HISTORICAL_RECONSTRUCTED
2014-08-23,133.8,HISTORICAL_RECONSTRUCTED
2014-08-24,144.4,HISTORICAL_RECONSTRUCTED
2014-08-25,140.4,HISTORICAL_RECONSTRUCTED
2014-08-26,149.2,HISTORICAL_RECONSTRUCTED
2014-08-27,135.1,HISTORICAL_RECONSTRUCTED
2014-08-28,149.1,HISTORICAL_RECONSTRUCTED
2014-08-29,141.4,HISTORICAL_RECONSTRUCTED
2014-08-30,139.1,HISTORICAL_RECONSTRUCTED
2014-08-31,139.8,HISTORICAL_RECONSTRUCTED
2014-09-01,144.1,HISTORICAL_RECONSTRUCTED
2014-09-02,140.0,HISTORICAL_RECONSTRUCTED
2014-09-03,141.1,HISTORICAL_RECONSTRUCTED
2014-09-04,146.5,HISTORICAL_RECONSTRUCTED
2014-09-05,136.5,HISTORICAL_RECONSTRUCTED
2014-09-06,139.1,HISTORICAL_RECONSTRUCTED
2014-09-07,130.3,HISTORICAL_RECONSTRUCTED
2014-09-08,127.8,HISTORICAL_RECONSTRUCTED
2014-09-09,126.9,HISTORICAL_RECONSTRUCTED
2014-09-10,123.4,HISTORICAL_RECONSTRUCTED
2014-09-11,128.6,HISTORICAL_RECONSTRUCTED
2014-09-12,136.2,HISTORICAL_RECONSTRUCTED
2014-09-13,117.1,HISTORICAL_RECONSTRUCTED
2014-09-14,132.3,HISTORICAL_RECONSTRUCTED
2014-09-15,140.7,HISTORICAL_RECONSTRUCTED
2014-09-16,141.6,HISTORICAL_RECONSTRUCTED
2014-09-17,155.0,HISTORICAL_RECONSTRUCTED
2014-09-18,152.3,HISTORICAL_RECONSTRUCTED
2014-09-19,132.7,HISTORICAL_RECONSTRUCTED
2014-09-20,153.6,HISTORICAL_RECONSTRUCTED
2014-09-21,152.4,HISTORICAL_RECONSTRUCTED
2014-09-22,152.1,HISTORICAL_RECONSTRUCTED
2014-09-23,167.9,HISTORICAL_RECONSTRUCTED
2014-09-24,154.2,HISTORICAL_RECONSTRUCTED
2014-09-25,157.5,HISTORICAL_RECONSTRUCTED
2014-09-26,164.1,HISTORICAL_RECONSTRUCTED
2014-09-27,149.2,HISTORICAL_RECONSTRUCTED
2014-09-28,152.2,HISTORICAL_RECONSTRUCTED
2014-09-29,154.7,HISTORICAL_RECONSTRUCTED
2014-09-30,139.4,HISTORICAL_RECONSTRUCTED
2014-10-01,159.0,HISTORICAL_RECONSTRUCTED
2014-10-02,167.9,HISTORICAL_RECONSTRUCTED
2014-10-03,148.1,HISTORICAL_RECONSTRUCTED
2014-10-04,152.0,HISTORICAL_RECONSTRUCTED
2014-10-05,149.5,HISTORICAL_RECONSTRUCTED
2014-10-06,127.0,HISTORICAL_RECONSTRUCTED
2014-10-07,142.5,HISTORICAL_RECONSTRUCTED
2014-10-08,142.4,HISTORICAL_RECONSTRUCTED
2014-10-09,145.4,HISTORICAL_RECONSTRUCTED
2014-10-10,154.8,HISTORICAL_RECONSTRUCTED
2014-10-11,152.4,HISTORICAL_RECONSTRUCTED
2014-10-12,147.3,HISTORICAL_RECONSTRUCTED
2014-10-13,173.1,HISTORICAL_RECONSTRUCTED
2014-10-14,155.8,HISTORICAL_RECONSTRUCTED
2014-10-15,166.5,HISTORICAL_RECONSTRUCTED
2014-10-16,171.6,HISTORICAL_RECONSTRUCTED
2014-10-17,171.7,HISTORICAL_RECONSTRUCTED
2014-10-18,178.6,HISTORICAL_RECONSTRUCTED
2014-10-19,179.0,HISTORICAL_RECONSTRUCTED
2014-10-20,175.9,HISTORICAL_RECONSTRUCTED
2014-10-21,166.2,HISTORICAL_RECONSTRUCTED
2014-10-22,177.9,HISTORICAL_RECONSTRUCTED
2014-10-23,181.5,HISTORICAL_RECONSTRUCTED
2014-10-24,180.3,HISTORICAL_RECONSTRUCTED
2014-10-25,178.0,HISTORICAL_RECONSTRUCTED
2014-10-26,157.9,HISTORICAL_RECONSTRUCTED
2014-10-27,167.2,HISTORICAL_RECONSTRUCTED
2014-10-28,157.3,HISTORICAL_RECONSTRUCTED
2014-10-29,157.0,HISTORICAL_RECONSTRUCTED
2014-10-30,140.8,HISTORICAL_RECONSTRUCTED
2014-10-31,144.3,HISTORICAL_RECONSTRUCTED
2014-11-01,141.1,HISTORICAL_RECONSTRUCTED
2014-11-02,126.8,HISTORICAL_RECONSTRUCTED
2014-11-03,120.1,HISTORICAL_RECONSTRUCTED
2014-11-04,129.1,HISTORICAL_RECONSTRUCTED
2014-11-05,138.6,HISTORICAL_RECONSTRUCTED
2014-11-06,144.3,HISTORICAL_RECONSTRUCTED
2014-11-07,145.0,HISTORICAL_RECONSTRUCTED
2014-11-08,143.8,HISTORICAL_RECONSTRUCTED
2014-11-09,157.4,HISTORICAL_RECONSTRUCTED
2014-11-10,144.8,HISTORICAL_RECONSTRUCTED
2014-11-11,159.4,HISTORICAL_RECONSTRUCTED
2014-11-12,151.2,HISTORICAL_RECONSTRUCTED
2014-11-13,157.7,HISTORICAL_RECONSTRUCTED
2014-11-14,162.4,HISTORICAL_RECONSTRUCTED
2014-11-15,164.3,HISTORICAL_RECONSTRUCTED
2014-11-16,161.8,HISTORICAL_RECONSTRUCTED
2014-11-17,169.5,HISTORICAL_RECONSTRUCTED
2014-11-18,184.7,HISTORICAL_RECONSTRUCTED
2014-11-19,165.6,HISTORICAL_RECONSTRUCTED
2014-11-20,160.4,HISTORICAL_RECONSTRUCTED
2014-11-21,165.3,HISTORICAL_RECONSTRUCTED
2014-11-22,170.5,HISTORICAL_RECONSTRUCTED
2014-11-23,153.0,HISTORICAL_RECONSTRUCTED
2014-11-24,142.9,HISTORICAL_RECONSTRUCTED
2014-11-25,129.3,HISTORICAL_RECONSTRUCTED
2014-11-26,150.2,HISTORICAL_RECONSTRUCTED
2014-11-27,138.9,HISTORICAL_RECONSTRUCTED
2014-11-28,136.5,HISTORICAL_RECONSTRUCTED
2014-11-29,141.5,HISTORICAL_RECONSTRUCTED
2014-11-30,138.8,HISTORICAL_RECONSTRUCTED
2014-12-01,132.5,HISTORICAL_RECONSTRUCTED
2014-12-02,137.9,HISTORICAL_RECONSTRUCTED
2014-12-03,150.4,HISTORICAL_RECONSTRUCTED
2014-12-04,142.0,HISTORICAL_RECONSTRUCTED
2014-12-05,147.4,HISTORICAL_RECONSTRUCTED
2014-12-06,149.0,HISTORICAL_RECONSTRUCTED
2014-12-07,155.6,HISTORICAL_RECONSTRUCTED
2014-12-08,166.7,HISTORICAL_RECONSTRUCTED
2014-12-09,149.7,HISTORICAL_RECONSTRUCTED
2014-12-10,166.5,HISTORICAL_RECONSTRUCTED
2014-12-11,161.1,HISTORICAL_RECONSTRUCTED
2014-12-12,172.4,HISTORICAL_RECONSTRUCTED
2014-12-13,170.5,HISTORICAL_RECONSTRUCTED
2014-12-14,174.3,HISTORICAL_RECONSTRUCTED
2014-12-15,179.6,HISTORICAL_RECONSTRUCTED
2014-12-16,169.1,HISTORICAL_RECONSTRUCTED
2014-12-17,165.2,HISTORICAL_RECONSTRUCTED
2014-12-18,172.4,HISTORICAL_RECONSTRUCTED
2014-12-19,155.1,HISTORICAL_RECONSTRUCTED
2014-12-20,159.2,HISTORICAL_RECONSTRUCTED
2014-12-21,150.5,HISTORICAL_RECONSTRUCTED
2014-12-22,135.5,HISTORICAL_RECONSTRUCTED
2014-12-23,140.4,HISTORICAL_RECONSTRUCTED
2014-12-24,151.5,HISTORICAL_RECONSTRUCTED
2014-12-25,156.1,HISTORICAL_RECONSTRUCTED
2014-12-26,141.6,HISTORICAL_RECONSTRUCTED
2014-12-27,155.5,HISTORICAL_RECONSTRUCTED
2014-12-28,144.9,HISTORICAL_RECONSTRUCTED
2014-12-29,136.8,HISTORICAL_RECONSTRUCTED
2014-12-30,139.7,HISTORICAL_RECONSTRUCTED
2014-12-31,153.3,HISTORICAL_RECONSTRUCTED
2015-01-01,137.8,HISTORICAL_RECONSTRUCTED
2015-01-02,139.0,HISTORICAL_RECONSTRUCTED
2015-01-03,150.0,HISTORICAL_RECONSTRUCTED
2015-01-04,147.3,HISTORICAL_RECONSTRUCTED
2015-01-05,144.3,HISTORICAL_RECONSTRUCTED
2015-01-06,149.9,HISTORICAL_RECONSTRUCTED
2015-01-07,150.7,HISTORICAL_RECONSTRUCTED
2015-01-08,141.5,HISTORICAL_RECONSTRUCTED
2015-01-09,138.2,HISTORICAL_RECONSTRUCTED
2015-01-10,147.6,HISTORICAL_RECONSTRUCTED
2015-01-11,144.5,HISTORICAL_RECONSTRUCTED
2015-01-12,140.3,HISTORICAL_RECONSTRUCTED
2015-01-13,137.1,HISTORICAL_RECONSTRUCTED
2015-01-14,126.0,HISTORICAL_RECONSTRUCTED
2015-01-15,123.7,HISTORICAL_RECONSTRUCTED
2015-01-16,127.0,HISTORICAL_RECONSTRUCTED
2015-01-17,123.2,HISTORICAL_RECONSTRUCTED
2015-01-18,121.4,HISTORICAL_RECONSTRUCTED
2015-01-19,119.3,HISTORICAL_RECONSTRUCTED
2015-01-20,129.4,HISTORICAL_RECONSTRUCTED
2015-01-21,114.3,HISTORICAL_RECONSTRUCTED
2015-01-22,121.2,HISTORICAL_RECONSTRUCTED
2015-01-23,110.3,HISTORICAL_RECONSTRUCTED
2015-01-24,113.7,HISTORICAL_RECONSTRUCTED
2015-01-25,126.3,HISTORICAL_RECONSTRUCTED
2015-01-26,136.7,HISTORICAL_RECONSTRUCTED
2015-01-27,135.5,HISTORICAL_RECONSTRUCTED
2015-01-28,147.6,HISTORICAL_RECONSTRUCTED
2015-01-29,154.6,HISTORICAL_RECONSTRUCTED
2015-01-30,133.6,HISTORICAL_RECONSTRUCTED
2015-01-31,150.5,HISTORICAL_RECONSTRUCTED
2015-02-01,127.2,HISTORICAL_RECONSTRUCTED
2015-02-02,139.5,HISTORICAL_RECONSTRUCTED
2015-02-03,121.3,HISTORICAL_RECONSTRUCTED
2015-02-04,130.1,HISTORICAL_RECONSTRUCTED
2015-02-05,131.4,HISTORICAL_RECONSTRUCTED
2015-02-06,120.9,HISTORICAL_RECONSTRUCTED
2015-02-07,122.9,HISTORICAL_RECONSTRUCTED
2015-02-08,121.7,HISTORICAL_RECONSTRUCTED
2015-02-09,130.6,HISTORICAL_RECONSTRUCTED
2015-02-10,117.8,HISTORICAL_RECONSTRUCTED
2015-02-11,108.7,HISTORICAL_RECONSTRUCTED
2015-02-12,115.9,HISTORICAL_RECONSTRUCTED
2015-02-13,109.2,HISTORICAL_RECONSTRUCTED
2015-02-14,121.8,HISTORICAL_RECONSTRUCTED
2015-02-15,100.7,HISTORICAL_RECONSTRUCTED
2015-02-16,108.9,HISTORICAL_RECONSTRUCTED
2015-02-17,113.1,HISTORICAL_RECONSTRUCTED
2015-02-18,101.0,HISTORICAL_RECONSTRUCTED
2015-02-19,106.3,HISTORICAL_RECONSTRUCTED
2015-02-20,116.1,HISTORICAL_RECONSTRUCTED
2015-02-21,111.3,HISTORICAL_RECONSTRUCTED
2015-02-22,115.0,HISTORICAL_RECONSTRUCTED
2015-02-23,124.5,HISTORICAL_RECONSTRUCTED
2015-02-24,114.0,HISTORICAL_RECONSTRUCTED
2015-02-25,117.1,HISTORICAL_RECONSTRUCTED
2015-02-26,126.2,HISTORICAL_RECONSTRUCTED
2015-02-27,125.0,HISTORICAL_RECONSTRUCTED
2015-02-28,132.7,HISTORICAL_RECONSTRUCTED
2015-03-01,146.1,HISTORICAL_RECONSTRUCTED
2015-03-02,137.0,HISTORICAL_RECONSTRUCTED
2015-03-03,131.8,HISTORICAL_RECONSTRUCTED
2015-03-04,136.2,HISTORICAL_RECONSTRUCTED
2015-03-05,132.8,HISTORICAL_RECONSTRUCTED
2015-03-06,137.4,HISTORICAL_RECONSTRUCTED
2015-03-07,136.0,HISTORICAL_RECONSTRUCTED
2015-03-08,126.0,HISTORICAL_RECONSTRUCTED
2015-03-09,122.8,HISTORICAL_RECONSTRUCTED
2015-03-10,111.9,HISTORICAL_RECONSTRUCTED
2015-03-11,120.6,HISTORICAL_RECONSTRUCTED
2015-03-12,108.6,HISTORICAL_RECONSTRUCTED
2015-03-13,109.7,HISTORICAL_RECONSTRUCTED
2015-03-14,103.8,HISTORICAL_RECONSTRUCTED
2015-03-15,122.4,HISTORICAL_RECONSTRUCTED
2015-03-16,115.5,HISTORICAL_RECONSTRUCTED
2015-03-17,118.3,HISTORICAL_RECONSTRUCTED
2015-03-18,117.5,HISTORICAL_RECONSTRUCTED
2015-03-19,131.1,HISTORICAL_RECONSTRUCTED
2015-03-20,117.8,HISTORICAL_RECONSTRUCTED
2015-03-21,126.5,HISTORICAL_RECONSTRUCTED
2015-03-22,135.6,HISTORICAL_RECONSTRUCTED
2015-03-23,135.1,HISTORICAL_RECONSTRUCTED
2015-03-24,134.7,HISTORICAL_RECONSTRUCTED
2015-03-25,129.9,HISTORICAL_RECONSTRUCTED
2015-03-26,137.8,HISTORICAL_RECONSTRUCTED
2015-03-27,137.3,HISTORICAL_RECONSTRUCTED
2015-03-28,145.0,HISTORICAL_RECONSTRUCTED
2015-03-29,140.7,HISTORICAL_RECONSTRUCTED
2015-03-30,139.4,HISTORICAL_RECONSTRUCTED
2015-03-31,128.5,HISTORICAL_RECONSTRUCTED
2015-04-01,144.7,HISTORICAL_RECONSTRUCTED
2015-04-02,130.2,HISTORICAL_RECONSTRUCTED
2015-04-03,134.4,HISTORICAL_RECONSTRUCTED
2015-04-04,120.4,HISTORICAL_RECONSTRUCTED
2015-04-05,114.0,HISTORICAL_RECONSTRUCTED
2015-04-06,113.4,HISTORICAL_RECONSTRUCTED
2015-04-07,115.9,HISTORICAL_RECONSTRUCTED
2015-04-08,110.0,HISTORICAL_RECONSTRUCTED
2015-04-09,110.7,HISTORICAL_RECONSTRUCTED
2015-04-10,104.2,HISTORICAL_RECONSTRUCTED
2015-04-11,109.8,HISTORICAL_RECONSTRUCTED
2015-04-12,110.2,HISTORICAL_RECONSTRUCTED
2015-04-13,116.8,HISTORICAL_RECONSTRUCTED
2015-04-14,108.1,HISTORICAL_RECONSTRUCTED
2015-04-15,112.5,HISTORICAL_RECONSTRUCTED
2015-04-16,116.5,HISTORICAL_RECONSTRUCTED
2015-04-17,110.0,HISTORICAL_RECONSTRUCTED
2015-04-18,115.6,HISTORICAL_RECONSTRUCTED
2015-04-19,125.8,HISTORICAL_RECONSTRUCTED
2015-04-20,124.0,HISTORICAL_RECONSTRUCTED
2015-04-21,128.7,HISTORICAL_RECONSTRUCTED
2015-04-22,121.7,HISTORICAL_RECONSTRUCTED
2015-04-23,137.3,HISTORICAL_RECONSTRUCTED
2015-04-24,127.8,HISTORICAL_RECONSTRUCTED
2015-04-25,132.9,HISTORICAL_RECONSTRUCTED
2015-04-26,142.9,HISTORICAL_RECONSTRUCTED
2015-04-27,127.9,HISTORICAL_RECONSTRUCTED
2015-04-28,127.0,HISTORICAL_RECONSTRUCTED
2015-04-29,125.3,HISTORICAL_RECONSTRUCTED
2015-04-30,117.5,HISTORICAL_RECONSTRUCTED
2015-05-01,115.8,HISTORICAL_RECONSTRUCTED
2015-05-02,122.4,HISTORICAL_RECONSTRUCTED
2015-05-03,114.4,HISTORICAL_RECONSTRUCTED
2015-05-04,106.4,HISTORICAL_RECONSTRUCTED
2015-05-05,112.4,HISTORICAL_RECONSTRUCTED
2015-05-06,110.2,HISTORICAL_RECONSTRUCTED
2015-05-07,107.3,HISTORICAL_RECONSTRUCTED
2015-05-08,100.1,HISTORICAL_RECONSTRUCTED
2015-05-09,111.2,HISTORICAL_RECONSTRUCTED
2015-05-10,102.7,HISTORICAL_RECONSTRUCTED
2015-05-11,98.7,HISTORICAL_RECONSTRUCTED
2015-05-12,102.9,HISTORICAL_RECONSTRUCTED
2015-05-13,115.2,HISTORICAL_RECONSTRUCTED
2015-05-14,114.2,HISTORICAL_RECONSTRUCTED
2015-05-15,115.3,HISTORICAL_RECONSTRUCTED
2015-05-16,118.5,HISTORICAL_RECONSTRUCTED
2015-05-17,122.9,HISTORICAL_RECONSTRUCTED
2015-05-18,124.9,HISTORICAL_RECONSTRUCTED
2015-05-19,131.8,HISTORICAL_RECONSTRUCTED
2015-05-20,133.5,HISTORICAL_RECONSTRUCTED
2015-05-21,120.7,HISTORICAL_RECONSTRUCTED
2015-05-22,131.6,HISTORICAL_RECONSTRUCTED
2015-05-23,131.9,HISTORICAL_RECONSTRUCTED
2015-05-24,120.0,HISTORICAL_RECONSTRUCTED
2015-05-25,136.0,HISTORICAL_RECONSTRUCTED
2015-05-26,119.2,HISTORICAL_RECONSTRUCTED
2015-05-27,127.1,HISTORICAL_RECONSTRUCTED
2015-05-28,124.4,HISTORICAL_RECONSTRUCTED
2015-05-29,120.1,HISTORICAL_RECONSTRUCTED
2015-05-30,117.3,HISTORICAL_RECONSTRUCTED
2015-05-31,109.6,HISTORICAL_RECONSTRUCTED
2015-06-01,111.9,HISTORICAL_RECONSTRUCTED
2015-06-02,128.0,HISTORICAL_RECONSTRUCTED
2015-06-03,112.0,HISTORICAL_RECONSTRUCTED
2015-06-04,116.7,HISTORICAL_RECONSTRUCTED
2015-06-05,117.0,HISTORICAL_RECONSTRUCTED
2015-06-06,105.4,HISTORICAL_RECONSTRUCTED
2015-06-07,111.0,HISTORICAL_RECONSTRUCTED
2015-06-08,121.0,HISTORICAL_RECONSTRUCTED
2015-06-09,119.7,HISTORICAL_RECONSTRUCTED
2015-06-10,121.7,HISTORICAL_RECONSTRUCTED
2015-06-11,121.8,HISTORICAL_RECONSTRUCTED
2015-06-12,127.1,HISTORICAL_RECONSTRUCTED
2015-06-13,130.3,HISTORICAL_RECONSTRUCTED
2015-06-14,127.5,HISTORICAL_RECONSTRUCTED
2015-06-15,139.8,HISTORICAL_RECONSTRUCTED
2015-06-16,126.1,HISTORICAL_RECONSTRUCTED
2015-06-17,151.6,HISTORICAL_RECONSTRUCTED
2015-06-18,153.9,HISTORICAL_RECONSTRUCTED
2015-06-19,142.0,HISTORICAL_RECONSTRUCTED
2015-06-20,140.2,HISTORICAL_RECONSTRUCTED
2015-06-21,137.1,HISTORICAL_RECONSTRUCTED
2015-06-22,134.2,HISTORICAL_RECONSTRUCTED
2015-06-23,140.6,HISTORICAL_RECONSTRUCTED
2015-06-24,126.5,HISTORICAL_RECONSTRUCTED
2015-06-25,118.9,HISTORICAL_RECONSTRUCTED
2015-06-26,113.8,HISTORICAL_RECONSTRUCTED
2015-06-27,114.7,HISTORICAL_RECONSTRUCTED
2015-06-28,116.4,HISTORICAL_RECONSTRUCTED
2015-06-29,113.0,HISTORICAL_RECONSTRUCTED
2015-06-30,117.1,HISTORICAL_RECONSTRUCTED
2015-07-01,95.4,HISTORICAL_RECONSTRUCTED
2015-07-02,103.6,HISTORICAL_RECONSTRUCTED
2015-07-03,99.3,HISTORICAL_RECONSTRUCTED
2015-07-04,107.1,HISTORICAL_RECONSTRUCTED
2015-07-05,100.6,HISTORICAL_RECONSTRUCTED
2015-07-06,113.7,HISTORICAL_RECONSTRUCTED
2015-07-07,112.3,HISTORICAL_RECONSTRUCTED
2015-07-08,116.3,HISTORICAL_RECONSTRUCTED
2015-07-09,104.9,HISTORICAL_RECONSTRUCTED
2015-07-10,116.3,HISTORICAL_RECONSTRUCTED
2015-07-11,121.3,HISTORICAL_RECONSTRUCTED
2015-07-12,119.3,HISTORICAL_RECONSTRUCTED
2015-07-13,130.9,HISTORICAL_RECONSTRUCTED
2015-07-14,129.6,HISTORICAL_RECONSTRUCTED
2015-07-15,120.1,HISTORICAL_RECONSTRUCTED
2015-07-16,128.6,HISTORICAL_RECONSTRUCTED
2015-07-17,129.7,HISTORICAL_RECONSTRUCTED
2015-07-18,127.5,HISTORICAL_RECONSTRUCTED
2015-07-19,118.2,HISTORICAL_RECONSTRUCTED
2015-07-20,112.0,HISTORICAL_RECONSTRUCTED
2015-07-21,118.0,HISTORICAL_RECONSTRUCTED
2015-07-22,116.1,HISTORICAL_RECONSTRUCTED
2015-07-23,120.1,HISTORICAL_RECONSTRUCTED
2015-07-24,113.9,HISTORICAL_RECONSTRUCTED
2015-07-25,103.2,HISTORICAL_RECONSTRUCTED
2015-07-26,96.9,HISTORICAL_RECONSTRUCTED
2015-07-27,104.6,HISTORICAL_RECONSTRUCTED
2015-07-28,99.5,HISTORICAL_RECONSTRUCTED
2015-07-29,115.3,HISTORICAL_RECONSTRUCTED
2015-07-30,102.7,HISTORICAL_RECONSTRUCTED
2015-07-31,109.4,HISTORICAL_RECONSTRUCTED
2015-08-01,87.3,HISTORICAL_RECONSTRUCTED
2015-08-02,90.8,HISTORICAL_RECONSTRUCTED
2015-08-03,97.2,HISTORICAL_RECONSTRUCTED
2015-08-04,88.9,HISTORICAL_RECONSTRUCTED
2015-08-05,104.3,HISTORICAL_RECONSTRUCTED
2015-08-06,98.6,HISTORICAL_RECONSTRUCTED
2015-08-07,99.6,HISTORICAL_RECONSTRUCTED
2015-08-08,102.1,HISTORICAL_RECONSTRUCTED
2015-08-09,109.3,HISTORICAL_RECONSTRUCTED
2015-08-10,111.1,HISTORICAL_RECONSTRUCTED
2015-08-11,121.2,HISTORICAL_RECONSTRUCTED
2015-08-12,113.1,HISTORICAL_RECONSTRUCTED
2015-08-13,109.5,HISTORICAL_RECONSTRUCTED
2015-08-14,118.3,HISTORICAL_RECONSTRUCTED
2015-08-15,115.3,HISTORICAL_RECONSTRUCTED
2015-08-16,105.5,HISTORICAL_RECONSTRUCTED
2015-08-17,105.0,HISTORICAL_RECONSTRUCTED
2015-08-18,103.2,HISTORICAL_RECONSTRUCTED
2015-08-19,110.9,HISTORICAL_RECONSTRUCTED
2015-08-20,100.7,HISTORICAL_RECONSTRUCTED
2015-08-21,97.0,HISTORICAL_RECONSTRUCTED
2015-08-22,103.2,HISTORICAL_RECONSTRUCTED
2015-08-23,103.7,HISTORICAL_RECONSTRUCTED
2015-08-24,90.6,HISTORICAL_RECONSTRUCTED
2015-08-25,85.6,HISTORICAL_RECONSTRUCTED
2015-08-26,95.9,HISTORICAL_RECONSTRUCTED
2015-08-27,92.7,HISTORICAL_RECONSTRUCTED
2015-08-28,89.3,HISTORICAL_RECONSTRUCTED
2015-08-29,92.7,HISTORICAL_RECONSTRUCTED
2015-08-30,98.8,HISTORICAL_RECONSTRUCTED
2015-08-31,92.1,HISTORICAL_RECONSTRUCTED
2015-09-01,86.1,HISTORICAL_RECONSTRUCTED
2015-09-02,90.0,HISTORICAL_RECONSTRUCTED
2015-09-03,92.4,HISTORICAL_RECONSTRUCTED
2015-09-04,92.6,HISTORICAL_RECONSTRUCTED
2015-09-05,103.7,HISTORICAL_RECONSTRUCTED
2015-09-06,102.0,HISTORICAL_RECONSTRUCTED
2015-09-07,97.7,HISTORICAL_RECONSTRUCTED
2015-09-08,101.0,HISTORICAL_RECONSTRUCTED
2015-09-09,97.8,HISTORICAL_RECONSTRUCTED
2015-09-10,114.6,HISTORICAL_RECONSTRUCTED
2015-09-11,103.0,HISTORICAL_RECONSTRUCTED
2015-09-12,97.3,HISTORICAL_RECONSTRUCTED
2015-09-13,94.5,HISTORICAL_RECONSTRUCTED
2015-09-14,101.6,HISTORICAL_RECONSTRUCTED
2015-09-15,96.6,HISTORICAL_RECONSTRUCTED
2015-09-16,91.2,HISTORICAL_RECONSTRUCTED
2015-09-17,86.4,HISTORICAL_RECONSTRUCTED
2015-09-18,83.0,HISTORICAL_RECONSTRUCTED
2015-09-19,84.0,HISTORICAL_RECONSTRUCTED
2015-09-20,90.6,HISTORICAL_RECONSTRUCTED
2015-09-21,91.2,HISTORICAL_RECONSTRUCTED
2015-09-22,79.0,HISTORICAL_RECONSTRUCTED
2015-09-23,90.4,HISTORICAL_RECONSTRUCTED
2015-09-24,87.2,HISTORICAL_RECONSTRUCTED
2015-09-25,80.2,HISTORICAL_RECONSTRUCTED
2015-09-26,73.4,HISTORICAL_RECONSTRUCTED
2015-09-27,81.9,HISTORICAL_RECONSTRUCTED
2015-09-28,87.1,HISTORICAL_RECONSTRUCTED
2015-09-29,86.7,HISTORICAL_RECONSTRUCTED
2015-09-30,97.2,HISTORICAL_RECONSTRUCTED
2015-10-01,101.7,HISTORICAL_RECONSTRUCTED
2015-10-02,116.0,HISTORICAL_RECONSTRUCTED
2015-10-03,105.0,HISTORICAL_RECONSTRUCTED
2015-10-04,104.7,HISTORICAL_RECONSTRUCTED
2015-10-05,110.5,HISTORICAL_RECONSTRUCTED
2015-10-06,120.1,HISTORICAL_RECONSTRUCTED
2015-10-07,122.0,HISTORICAL_RECONSTRUCTED
2015-10-08,109.7,HISTORICAL_RECONSTRUCTED
2015-10-09,118.4,HISTORICAL_RECONSTRUCTED
2015-10-10,114.2,HISTORICAL_RECONSTRUCTED
2015-10-11,114.0,HISTORICAL_RECONSTRUCTED
2015-10-12,118.5,HISTORICAL_RECONSTRUCTED
2015-10-13,101.6,HISTORICAL_RECONSTRUCTED
2015-10-14,101.1,HISTORICAL_RECONSTRUCTED
2015-10-15,103.1,HISTORICAL_RECONSTRUCTED
2015-10-16,89.3,HISTORICAL_RECONSTRUCTED
2015-10-17,93.3,HISTORICAL_RECONSTRUCTED
2015-10-18,97.3,HISTORICAL_RECONSTRUCTED
2015-10-19,99.2,HISTORICAL_RECONSTRUCTED
2015-10-20,91.1,HISTORICAL_RECONSTRUCTED
2015-10-21,97.7,HISTORICAL_RECONSTRUCTED
2015-10-22,96.7,HISTORICAL_RECONSTRUCTED
2015-10-23,96.8,HISTORICAL_RECONSTRUCTED
2015-10-24,97.8,HISTORICAL_RECONSTRUCTED
2015-10-25,99.0,HISTORICAL_RECONSTRUCTED
2015-10-26,96.9,HISTORICAL_RECONSTRUCTED
2015-10-27,101.5,HISTORICAL_RECONSTRUCTED
2015-10-28,100.6,HISTORICAL_RECONSTRUCTED
2015-10-29,108.0,HISTORICAL_RECONSTRUCTED
2015-10-30,108.3,HISTORICAL_RECONSTRUCTED
2015-10-31,110.2,HISTORICAL_RECONSTRUCTED
2015-11-01,123.6,HISTORICAL_RECONSTRUCTED
2015-11-02,118.3,HISTORICAL_RECONSTRUCTED
2015-11-03,115.6,HISTORICAL_RECONSTRUCTED
2015-11-04,113.9,HISTORICAL_RECONSTRUCTED
2015-11-05,125.1,HISTORICAL_RECONSTRUCTED
2015-11-06,120.6,HISTORICAL_RECONSTRUCTED
2015-11-07,116.8,HISTORICAL_RECONSTRUCTED
2015-11-08,121.3,HISTORICAL_RECONSTRUCTED
2015-11-09,113.2,HISTORICAL_RECONSTRUCTED
2015-11-10,111.1,HISTORICAL_RECONSTRUCTED
2015-11-11,93.6,HISTORICAL_RECONSTRUCTED
2015-11-12,103.1,HISTORICAL_RECONSTRUCTED
2015-11-13,98.8,HISTORICAL_RECONSTRUCTED
2015-11-14,98.9,HISTORICAL_RECONSTRUCTED
2015-11-15,94.0,HISTORICAL_RECONSTRUCTED
2015-11-16,87.6,HISTORICAL_RECONSTRUCTED
2015-11-17,96.2,HISTORICAL_RECONSTRUCTED
2015-11-18,97.2,HISTORICAL_RECONSTRUCTED
2015-11-19,102.4,HISTORICAL_RECONSTRUCTED
2015-11-20,95.3,HISTORICAL_RECONSTRUCTED
2015-11-21,100.8,HISTORICAL_RECONSTRUCTED
2015-11-22,94.1,HISTORICAL_RECONSTRUCTED
2015-11-23,92.6,HISTORICAL_RECONSTRUCTED
2015-11-24,108.1,HISTORICAL_RECONSTRUCTED
2015-11-25,110.3,HISTORICAL_RECONSTRUCTED
2015-11-26,109.8,HISTORICAL_RECONSTRUCTED
2015-11-27,117.0,HISTORICAL_RECONSTRUCTED
2015-11-28,114.7,HISTORICAL_RECONSTRUCTED
2015-11-29,116.6,HISTORICAL_RECONSTRUCTED
2015-11-30,118.4,HISTORICAL_RECONSTRUCTED
2015-12-01,115.2,HISTORICAL_RECONSTRUCTED
2015-12-02,135.6,HISTORICAL_RECONSTRUCTED
2015-12-03,124.8,HISTORICAL_RECONSTRUCTED
2015-12-04,125.3,HISTORICAL_RECONSTRUCTED
2015-12-05,130.1,HISTORICAL_RECONSTRUCTED
2015-12-06,119.3,HISTORICAL_RECONSTRUCTED
2015-12-07,113.6,HISTORICAL_RECONSTRUCTED
2015-12-08,105.9,HISTORICAL_RECONSTRUCTED
2015-12-09,109.9,HISTORICAL_RECONSTRUCTED
2015-12-10,109.6,HISTORICAL_RECONSTRUCTED
2015-12-11,103.7,HISTORICAL_RECONSTRUCTED
2015-12-12,98.8,HISTORICAL_RECONSTRUCTED
2015-12-13,99.9,HISTORICAL_RECONSTRUCTED
2015-12-14,95.2,HISTORICAL_RECONSTRUCTED
2015-12-15,103.4,HISTORICAL_RECONSTRUCTED
2015-12-16,101.8,HISTORICAL_RECONSTRUCTED
2015-12-17,91.4,HISTORICAL_RECONSTRUCTED
2015-12-18,102.6,HISTORICAL_RECONSTRUCTED
2015-12-19,101.3,HISTORICAL_RECONSTRUCTED
2015-12-20,113.3,HISTORICAL_RECONSTRUCTED
2015-12-21,111.6,HISTORICAL_RECONSTRUCTED
2015-12-22,127.6,HISTORICAL_RECONSTRUCTED
2015-12-23,121.3,HISTORICAL_RECONSTRUCTED
2015-12-24,117.6,HISTORICAL_RECONSTRUCTED
2015-12-25,118.9,HISTORICAL_RECONSTRUCTED
2015-12-26,117.5,HISTORICAL_RECONSTRUCTED
2015-12-27,128.8,HISTORICAL_RECONSTRUCTED
2015-12-28,137.9,HISTORICAL_RECONSTRUCTED
2015-12-29,137.5,HISTORICAL_RECONSTRUCTED
2015-12-30,111.7,HISTORICAL_RECONSTRUCTED
2015-12-31,123.3,HISTORICAL_RECONSTRUCTED
2016-01-01,109.1,HISTORICAL_RECONSTRUCTED
2016-01-02,108.6,HISTORICAL_RECONSTRUCTED
2016-01-03,99.3,HISTORICAL_RECONSTRUCTED
2016-01-04,93.1,HISTORICAL_RECONSTRUCTED
2016-01-05,91.3,HISTORICAL_RECONSTRUCTED
2016-01-06,95.2,HISTORICAL_RECONSTRUCTED
2016-01-07,94.2,HISTORICAL_RECONSTRUCTED
2016-01-08,94.9,HISTORICAL_RECONSTRUCTED
2016-01-09,91.8,HISTORICAL_RECONSTRUCTED
2016-01-10,98.2,HISTORICAL_RECONSTRUCTED
2016-01-11,98.9,HISTORICAL_RECONSTRUCTED
2016-01-12,106.5,HISTORICAL_RECONSTRUCTED
2016-01-13,100.8,HISTORICAL_RECONSTRUCTED
2016-01-14,108.8,HISTORICAL_RECONSTRUCTED
2016-01-15,109.4,HISTORICAL_RECONSTRUCTED
2016-01-16,113.4,HISTORICAL_RECONSTRUCTED
2016-01-17,112.8,HISTORICAL_RECONSTRUCTED
2016-01-18,119.2,HISTORICAL_RECONSTRUCTED
2016-01-19,114.4,HISTORICAL_RECONSTRUCTED
2016-01-20,111.4,HISTORICAL_RECONSTRUCTED
2016-01-21,112.8,HISTORICAL_RECONSTRUCTED
2016-01-22,108.3,HISTORICAL_RECONSTRUCTED
2016-01-23,121.2,HISTORICAL_RECONSTRUCTED
2016-01-24,104.1,HISTORICAL_RECONSTRUCTED
2016-01-25,114.3,HISTORICAL_RECONSTRUCTED
2016-01-26,104.9,HISTORICAL_RECONSTRUCTED
2016-01-27,102.0,HISTORICAL_RECONSTRUCTED
2016-01-28,97.5,HISTORICAL_RECONSTRUCTED
2016-01-29,99.7,HISTORICAL_RECONSTRUCTED
2016-01-30,101.5,HISTORICAL_RECONSTRUCTED
2016-01-31,107.1,HISTORICAL_RECONSTRUCTED
2016-02-01,94.4,HISTORICAL_RECONSTRUCTED
2016-02-02,88.0,HISTORICAL_RECONSTRUCTED
2016-02-03,94.5,HISTORICAL_RECONSTRUCTED
2016-02-04,83.1,HISTORICAL_RECONSTRUCTED
2016-02-05,84.7,HISTORICAL_RECONSTRUCTED
2016-02-06,88.6,HISTORICAL_RECONSTRUCTED
2016-02-07,98.1,HISTORICAL_RECONSTRUCTED
2016-02-08,87.6,HISTORICAL_RECONSTRUCTED
2016-02-09,91.7,HISTORICAL_RECONSTRUCTED
2016-02-10,95.7,HISTORICAL_RECONSTRUCTED
2016-02-11,107.7,HISTORICAL_RECONSTRUCTED
2016-02-12,109.3,HISTORICAL_RECONSTRUCTED
2016-02-13,107.1,HISTORICAL_RECONSTRUCTED
2016-02-14,107.7,HISTORICAL_RECONSTRUCTED
2016-02-15,103.8,HISTORICAL_RECONSTRUCTED
2016-02-16,103.6,HISTORICAL_RECONSTRUCTED
2016-02-17,108.9,HISTORICAL_RECONSTRUCTED
2016-02-18,98.4,HISTORICAL_RECONSTRUCTED
2016-02-19,117.0,HISTORICAL_RECONSTRUCTED
2016-02-20,108.5,HISTORICAL_RECONSTRUCTED
2016-02-21,96.5,HISTORICAL_RECONSTRUCTED
2016-02-22,93.0,HISTORICAL_RECONSTRUCTED
2016-02-23,91.6,HISTORICAL_RECONSTRUCTED
2016-02-24,103.3,HISTORICAL_RECONSTRUCTED
2016-02-25,93.3,HISTORICAL_RECONSTRUCTED
2016-02-26,86.9,HISTORICAL_RECONSTRUCTED
2016-02-27,84.7,HISTORICAL_RECONSTRUCTED
2016-02-28,89.6,HISTORICAL_RECONSTRUCTED
2016-02-29,84.4,HISTORICAL_RECONSTRUCTED
2016-03-01,82.7,HISTORICAL_RECONSTRUCTED
2016-03-02,72.3,HISTORICAL_RECONSTRUCTED
2016-03-03,75.5,HISTORICAL_RECONSTRUCTED
2016-03-04,81.3,HISTORICAL_RECONSTRUCTED
2016-03-05,87.3,HISTORICAL_RECONSTRUCTED
2016-03-06,97.3,HISTORICAL_RECONSTRUCTED
2016-03-07,87.8,HISTORICAL_RECONSTRUCTED
2016-03-08,104.6,HISTORICAL_RECONSTRUCTED
2016-03-09,92.8,HISTORICAL_RECONSTRUCTED
2016-03-10,90.2,HISTORICAL_RECONSTRUCTED
2016-03-11,98.1,HISTORICAL_RECONSTRUCTED
2016-03-12,95.8,HISTORICAL_RECONSTRUCTED
2016-03-13,104.8,HISTORICAL_RECONSTRUCTED
2016-03-14,94.6,HISTORICAL_RECONSTRUCTED
2016-03-15,103.4,HISTORICAL_RECONSTRUCTED
2016-03-16,104.9,HISTORICAL_RECONSTRUCTED
2016-03-17,89.5,HISTORICAL_RECONSTRUCTED
2016-03-18,96.7,HISTORICAL_RECONSTRUCTED
2016-03-19,88.2,HISTORICAL_RECONSTRUCTED
2016-03-20,90.9,HISTORICAL_RECONSTRUCTED
2016-03-21,89.6,HISTORICAL_RECONSTRUCTED
2016-03-22,82.1,HISTORICAL_RECONSTRUCTED
2016-03-23,88.7,HISTORICAL_RECONSTRUCTED
2016-03-24,83.3,HISTORICAL_RECONSTRUCTED
2016-03-25,83.1,HISTORICAL_RECONSTRUCTED
2016-03-26,83.2,HISTORICAL_RECONSTRUCTED
2016-03-27,77.2,HISTORICAL_RECONSTRUCTED
2016-03-28,79.2,HISTORICAL_RECONSTRUCTED
2016-03-29,86.7,HISTORICAL_RECONSTRUCTED
2016-03-30,76.8,HISTORICAL_RECONSTRUCTED
2016-03-31,82.8,HISTORICAL_RECONSTRUCTED
2016-04-01,97.7,HISTORICAL_RECONSTRUCTED
2016-04-02,94.0,HISTORICAL_RECONSTRUCTED
2016-04-03,93.2,HISTORICAL_RECONSTRUCTED
2016-04-04,98.3,HISTORICAL_RECONSTRUCTED
2016-04-05,89.3,HISTORICAL_RECONSTRUCTED
2016-04-06,102.1,HISTORICAL_RECONSTRUCTED
2016-04-07,103.6,HISTORICAL_RECONSTRUCTED
2016-04-08,98.3,HISTORICAL_RECONSTRUCTED
2016-04-09,97.9,HISTORICAL_RECONSTRUCTED
2016-04-10,103.9,HISTORICAL_RECONSTRUCTED
2016-04-11,103.5,HISTORICAL_RECONSTRUCTED
2016-04-12,102.1,HISTORICAL_RECONSTRUCTED
2016-04-13,100.6,HISTORICAL_RECONSTRUCTED
2016-04-14,102.6,HISTORICAL_RECONSTRUCTED
2016-04-15,104.0,HISTORICAL_RECONSTRUCTED
2016-04-16,102.5,HISTORICAL_RECONSTRUCTED
2016-04-17,99.4,HISTORICAL_RECONSTRUCTED
2016-04-18,98.6,HISTORICAL_RECONSTRUCTED
2016-04-19,97.5,HISTORICAL_RECONSTRUCTED
2016-04-20,97.8,HISTORICAL_RECONSTRUCTED
2016-04-21,93.0,HISTORICAL_RECONSTRUCTED
2016-04-22,95.1,HISTORICAL_RECONSTRUCTED
2016-04-23,87.8,HISTORICAL_RECONSTRUCTED
2016-04-24,83.0,HISTORICAL_RECONSTRUCTED
2016-04-25,85.5,HISTORICAL_RECONSTRUCTED
2016-04-26,79.7,HISTORICAL_RECONSTRUCTED
2016-04-27,82.0,HISTORICAL_RECONSTRUCTED
2016-04-28,93.4,HISTORICAL_RECONSTRUCTED
2016-04-29,93.6,HISTORICAL_RECONSTRUCTED
2016-04-30,84.4,HISTORICAL_RECONSTRUCTED
2016-05-01,87.7,HISTORICAL_RECONSTRUCTED
2016-05-02,98.4,HISTORICAL_RECONSTRUCTED
2016-05-03,91.6,HISTORICAL_RECONSTRUCTED
2016-05-04,97.1,HISTORICAL_RECONSTRUCTED
2016-05-05,91.0,HISTORICAL_RECONSTRUCTED
2016-05-06,91.2,HISTORICAL_RECONSTRUCTED
2016-05-07,97.8,HISTORICAL_RECONSTRUCTED
2016-05-08,99.6,HISTORICAL_RECONSTRUCTED
2016-05-09,100.1,HISTORICAL_RECONSTRUCTED
2016-05-10,101.4,HISTORICAL_RECONSTRUCTED
2016-05-11,95.3,HISTORICAL_RECONSTRUCTED
2016-05-12,90.4,HISTORICAL_RECONSTRUCTED
2016-05-13,93.9,HISTORICAL_RECONSTRUCTED
2016-05-14,94.0,HISTORICAL_RECONSTRUCTED
2016-05-15,86.0,HISTORICAL_RECONSTRUCTED
2016-05-16,81.8,HISTORICAL_RECONSTRUCTED
2016-05-17,80.8,HISTORICAL_RECONSTRUCTED
2016-05-18,80.3,HISTORICAL_RECONSTRUCTED
2016-05-19,77.0,HISTORICAL_RECONSTRUCTED
2016-05-20,85.1,HISTORICAL_RECONSTRUCTED
2016-05-21,79.4,HISTORICAL_RECONSTRUCTED
2016-05-22,73.1,HISTORICAL_RECONSTRUCTED
2016-05-23,80.9,HISTORICAL_RECONSTRUCTED
2016-05-24,76.8,HISTORICAL_RECONSTRUCTED
2016-05-25,80.8,HISTORICAL_RECONSTRUCTED
2016-05-26,90.9,HISTORICAL_RECONSTRUCTED
2016-05-27,87.0,HISTORICAL_RECONSTRUCTED
2016-05-28,91.7,HISTORICAL_RECONSTRUCTED
2016-05-29,95.0,HISTORICAL_RECONSTRUCTED
2016-05-30,95.5,HISTORICAL_RECONSTRUCTED
2016-05-31,93.3,HISTORICAL_RECONSTRUCTED
2016-06-01,93.8,HISTORICAL_RECONSTRUCTED
2016-06-02,92.3,HISTORICAL_RECONSTRUCTED
2016-06-03,97.3,HISTORICAL_RECONSTRUCTED
2016-06-04,96.7,HISTORICAL_RECONSTRUCTED
2016-06-05,90.0,HISTORICAL_RECONSTRUCTED
2016-06-06,93.5,HISTORICAL_RECONSTRUCTED
2016-06-07,92.3,HISTORICAL_RECONSTRUCTED
2016-06-08,91.6,HISTORICAL_RECONSTRUCTED
2016-06-09,103.7,HISTORICAL_RECONSTRUCTED
2016-06-10,93.8,HISTORICAL_RECONSTRUCTED
2016-06-11,93.1,HISTORICAL_RECONSTRUCTED
2016-06-12,94.5,HISTORICAL_RECONSTRUCTED
2016-06-13,95.7,HISTORICAL_RECONSTRUCTED
2016-06-14,85.2,HISTORICAL_RECONSTRUCTED
2016-06-15,83.1,HISTORICAL_RECONSTRUCTED
2016-06-16,75.1,HISTORICAL_RECONSTRUCTED
2016-06-17,78.1,HISTORICAL_RECONSTRUCTED
2016-06-18,83.8,HISTORICAL_RECONSTRUCTED
2016-06-19,77.3,HISTORICAL_RECONSTRUCTED
2016-06-20,85.5,HISTORICAL_RECONSTRUCTED
2016-06-21,83.9,HISTORICAL_RECONSTRUCTED
2016-06-22,83.2,HISTORICAL_RECONSTRUCTED
2016-06-23,80.0,HISTORICAL_RECONSTRUCTED
2016-06-24,89.2,HISTORICAL_RECONSTRUCTED
2016-06-25,90.5,HISTORICAL_RECONSTRUCTED
2016-06-26,88.5,HISTORICAL_RECONSTRUCTED
2016-06-27,93.1,HISTORICAL_RECONSTRUCTED
2016-06-28,88.5,HISTORICAL_RECONSTRUCTED
2016-06-29,94.8,HISTORICAL_RECONSTRUCTED
2016-06-30,100.6,HISTORICAL_RECONSTRUCTED
2016-07-01,89.9,HISTORICAL_RECONSTRUCTED
2016-07-02,97.1,HISTORICAL_RECONSTRUCTED
2016-07-03,86.4,HISTORICAL_RECONSTRUCTED
2016-07-04,86.5,HISTORICAL_RECONSTRUCTED
2016-07-05,85.7,HISTORICAL_RECONSTRUCTED
2016-07-06,83.4,HISTORICAL_RECONSTRUCTED
2016-07-07,84.9,HISTORICAL_RECONSTRUCTED
2016-07-08,90.6,HISTORICAL_RECONSTRUCTED
2016-07-09,86.1,HISTORICAL_RECONSTRUCTED
2016-07-10,78.9,HISTORICAL_RECONSTRUCTED
2016-07-11,73.8,HISTORICAL_RECONSTRUCTED
2016-07-12,76.8,HISTORICAL_RECONSTRUCTED
2016-07-13,72.9,HISTORICAL_RECONSTRUCTED
2016-07-14,74.4,HISTORICAL_RECONSTRUCTED
2016-07-15,70.8,HISTORICAL_RECONSTRUCTED
2016-07-16,80.7,HISTORICAL_RECONSTRUCTED
2016-07-17,69.8,HISTORICAL_RECONSTRUCTED
2016-07-18,71.6,HISTORICAL_RECONSTRUCTED
2016-07-19,85.9,HISTORICAL_RECONSTRUCTED
2016-07-20,81.1,HISTORICAL_RECONSTRUCTED
2016-07-21,87.6,HISTORICAL_RECONSTRUCTED
2016-07-22,80.7,HISTORICAL_RECONSTRUCTED
2016-07-23,86.2,HISTORICAL_RECONSTRUCTED
2016-07-24,91.7,HISTORICAL_RECONSTRUCTED
2016-07-25,93.4,HISTORICAL_RECONSTRUCTED
2016-07-26,91.9,HISTORICAL_RECONSTRUCTED
2016-07-27,97.4,HISTORICAL_RECONSTRUCTED
2016-07-28,97.2,HISTORICAL_RECONSTRUCTED
2016-07-29,89.3,HISTORICAL_RECONSTRUCTED
2016-07-30,88.9,HISTORICAL_RECONSTRUCTED
2016-07-31,88.2,HISTORICAL_RECONSTRUCTED
2016-08-01,94.5,HISTORICAL_RECONSTRUCTED
2016-08-02,90.4,HISTORICAL_RECONSTRUCTED
2016-08-03,82.2,HISTORICAL_RECONSTRUCTED
2016-08-04,86.1,HISTORICAL_RECONSTRUCTED
2016-08-05,79.0,HISTORICAL_RECONSTRUCTED
2016-08-06,83.8,HISTORICAL_RECONSTRUCTED
2016-08-07,75.0,HISTORICAL_RECONSTRUCTED
2016-08-08,85.3,HISTORICAL_RECONSTRUCTED
2016-08-09,72.9,HISTORICAL_RECONSTRUCTED
2016-08-10,78.5,HISTORICAL_RECONSTRUCTED
2016-08-11,73.9,HISTORICAL_RECONSTRUCTED
2016-08-12,72.6,HISTORICAL_RECONSTRUCTED
2016-08-13,73.4,HISTORICAL_RECONSTRUCTED
2016-08-14,64.4,HISTORICAL_RECONSTRUCTED
2016-08-15,77.1,HISTORICAL_RECONSTRUCTED
2016-08-16,74.3,HISTORICAL_RECONSTRUCTED
2016-08-17,69.7,HISTORICAL_RECONSTRUCTED
2016-08-18,87.6,HISTORICAL_RECONSTRUCTED
2016-08-19,79.7,HISTORICAL_RECONSTRUCTED
2016-08-20,84.8,HISTORICAL_RECONSTRUCTED
2016-08-21,84.0,HISTORICAL_RECONSTRUCTED
2016-08-22,93.1,HISTORICAL_RECONSTRUCTED
2016-08-23,82.8,HISTORICAL_RECONSTRUCTED
2016-08-24,85.2,HISTORICAL_RECONSTRUCTED
2016-08-25,90.0,HISTORICAL_RECONSTRUCTED
2016-08-26,88.6,HISTORICAL_RECONSTRUCTED
2016-08-27,90.1,HISTORICAL_RECONSTRUCTED
2016-08-28,86.5,HISTORICAL_RECONSTRUCTED
2016-08-29,85.9,HISTORICAL_RECONSTRUCTED
2016-08-30,84.6,HISTORICAL_RECONSTRUCTED
2016-08-31,87.0,HISTORICAL_RECONSTRUCTED
2016-09-01,93.4,HISTORICAL_RECONSTRUCTED
2016-09-02,91.6,HISTORICAL_RECONSTRUCTED
2016-09-03,90.8,HISTORICAL_RECONSTRUCTED
2016-09-04,78.0,HISTORICAL_RECONSTRUCTED
2016-09-05,84.2,HISTORICAL_RECONSTRUCTED
2016-09-06,75.2,HISTORICAL_RECONSTRUCTED
2016-09-07,75.7,HISTORICAL_RECONSTRUCTED
2016-09-08,80.2,HISTORICAL_RECONSTRUCTED
2016-09-09,79.8,HISTORICAL_RECONSTRUCTED
2016-09-10,77.2,HISTORICAL_RECONSTRUCTED
2016-09-11,81.1,HISTORICAL_RECONSTRUCTED
2016-09-12,80.1,HISTORICAL_RECONSTRUCTED
2016-09-13,73.9,HISTORICAL_RECONSTRUCTED
2016-09-14,84.4,HISTORICAL_RECONSTRUCTED
2016-09-15,85.3,HISTORICAL_RECONSTRUCTED
2016-09-16,84.8,HISTORICAL_RECONSTRUCTED
2016-09-17,82.2,HISTORICAL_RECONSTRUCTED
2016-09-18,83.8,HISTORICAL_RECONSTRUCTED
2016-09-19,100.3,HISTORICAL_RECONSTRUCTED
2016-09-20,94.7,HISTORICAL_RECONSTRUCTED
2016-09-21,83.2,HISTORICAL_RECONSTRUCTED
2016-09-22,97.9,HISTORICAL_RECONSTRUCTED
2016-09-23,99.7,HISTORICAL_RECONSTRUCTED
2016-09-24,93.6,HISTORICAL_RECONSTRUCTED
2016-09-25,98.0,HISTORICAL_RECONSTRUCTED
2016-09-26,96.7,HISTORICAL_RECONSTRUCTED
2016-09-27,94.8,HISTORICAL_RECONSTRUCTED
2016-09-28,88.8,HISTORICAL_RECONSTRUCTED
2016-09-29,90.9,HISTORICAL_RECONSTRUCTED
2016-09-30,89.3,HISTORICAL_RECONSTRUCTED
2016-10-01,74.0,HISTORICAL_RECONSTRUCTED
2016-10-02,76.1,HISTORICAL_RECONSTRUCTED
2016-10-03,74.8,HISTORICAL_RECONSTRUCTED
2016-10-04,68.5,HISTORICAL_RECONSTRUCTED
2016-10-05,67.3,HISTORICAL_RECONSTRUCTED
2016-10-06,65.3,HISTORICAL_RECONSTRUCTED
2016-10-07,72.6,HISTORICAL_RECONSTRUCTED
2016-10-08,71.3,HISTORICAL_RECONSTRUCTED
2016-10-09,66.5,HISTORICAL_RECONSTRUCTED
2016-10-10,74.1,HISTORICAL_RECONSTRUCTED
2016-10-11,64.1,HISTORICAL_RECONSTRUCTED
2016-10-12,79.5,HISTORICAL_RECONSTRUCTED
2016-10-13,76.5,HISTORICAL_RECONSTRUCTED
2016-10-14,78.6,HISTORICAL_RECONSTRUCTED
2016-10-15,83.2,HISTORICAL_RECONSTRUCTED
2016-10-16,86.6,HISTORICAL_RECONSTRUCTED
2016-10-17,87.3,HISTORICAL_RECONSTRUCTED
2016-10-18,85.1,HISTORICAL_RECONSTRUCTED
2016-10-19,90.3,HISTORICAL_RECONSTRUCTED
2016-10-20,83.1,HISTORICAL_RECONSTRUCTED
2016-10-21,88.9,HISTORICAL_RECONSTRUCTED
2016-10-22,85.9,HISTORICAL_RECONSTRUCTED
2016-10-23,89.4,HISTORICAL_RECONSTRUCTED
2016-10-24,89.3,HISTORICAL_RECONSTRUCTED
2016-10-25,81.2,HISTORICAL_RECONSTRUCTED
2016-10-26,78.9,HISTORICAL_RECONSTRUCTED
2016-10-27,74.5,HISTORICAL_RECONSTRUCTED
2016-10-28,78.8,HISTORICAL_RECONSTRUCTED
2016-10-29,78.1,HISTORICAL_RECONSTRUCTED
2016-10-30,71.8,HISTORICAL_RECONSTRUCTED
2016-10-31,71.4,HISTORICAL_RECONSTRUCTED
2016-11-01,70.6,HISTORICAL_RECONSTRUCTED
2016-11-02,65.0,HISTORICAL_RECONSTRUCTED
2016-11-03,69.9,HISTORICAL_RECONSTRUCTED
2016-11-04,72.7,HISTORICAL_RECONSTRUCTED
2016-11-05,72.4,HISTORICAL_RECONSTRUCTED
2016-11-06,67.1,HISTORICAL_RECONSTRUCTED
2016-11-07,77.0,HISTORICAL_RECONSTRUCTED
2016-11-08,76.3,HISTORICAL_RECONSTRUCTED
2016-11-09,74.7,HISTORICAL_RECONSTRUCTED
2016-11-10,78.5,HISTORICAL_RECONSTRUCTED
2016-11-11,83.5,HISTORICAL_RECONSTRUCTED
2016-11-12,79.1,HISTORICAL_RECONSTRUCTED
2016-11-13,83.5,HISTORICAL_RECONSTRUCTED
2016-11-14,84.0,HISTORICAL_RECONSTRUCTED
2016-11-15,79.6,HISTORICAL_RECONSTRUCTED
2016-11-16,85.2,HISTORICAL_RECONSTRUCTED
2016-11-17,92.0,HISTORICAL_RECONSTRUCTED
2016-11-18,89.6,HISTORICAL_RECONSTRUCTED
2016-11-19,91.2,HISTORICAL_RECONSTRUCTED
2016-11-20,81.5,HISTORICAL_RECONSTRUCTED
2016-11-21,84.3,HISTORICAL_RECONSTRUCTED
2016-11-22,82.8,HISTORICAL_RECONSTRUCTED
2016-11-23,76.6,HISTORICAL_RECONSTRUCTED
2016-11-24,77.4,HISTORICAL_RECONSTRUCTED
2016-11-25,74.0,HISTORICAL_RECONSTRUCTED
2016-11-26,76.7,HISTORICAL_RECONSTRUCTED
2016-11-27,74.5,HISTORICAL_RECONSTRUCTED
2016-11-28,72.4,HISTORICAL_RECONSTRUCTED
2016-11-29,67.2,HISTORICAL_RECONSTRUCTED
2016-11-30,65.7,HISTORICAL_RECONSTRUCTED
2016-12-01,67.2,HISTORICAL_RECONSTRUCTED
2016-12-02,67.0,HISTORICAL_RECONSTRUCTED
2016-12-03,71.9,HISTORICAL_RECONSTRUCTED
2016-12-04,68.2,HISTORICAL_RECONSTRUCTED
2016-12-05,76.8,HISTORICAL_RECONSTRUCTED
2016-12-06,69.3,HISTORICAL_RECONSTRUCTED
2016-12-07,69.4,HISTORICAL_RECONSTRUCTED
2016-12-08,76.4,HISTORICAL_RECONSTRUCTED
2016-12-09,76.3,HISTORICAL_RECONSTRUCTED
2016-12-10,84.3,HISTORICAL_RECONSTRUCTED
2016-12-11,80.1,HISTORICAL_RECONSTRUCTED
2016-12-12,84.3,HISTORICAL_RECONSTRUCTED
2016-12-13,85.6,HISTORICAL_RECONSTRUCTED
2016-12-14,88.5,HISTORICAL_RECONSTRUCTED
2016-12-15,87.4,HISTORICAL_RECONSTRUCTED
2016-12-16,73.9,HISTORICAL_RECONSTRUCTED
2016-12-17,86.3,HISTORICAL_RECONSTRUCTED
2016-12-18,80.2,HISTORICAL_RECONSTRUCTED
2016-12-19,73.9,HISTORICAL_RECONSTRUCTED
2016-12-20,80.8,HISTORICAL_RECONSTRUCTED
2016-12-21,76.3,HISTORICAL_RECONSTRUCTED
2016-12-22,70.9,HISTORICAL_RECONSTRUCTED
2016-12-23,71.4,HISTORICAL_RECONSTRUCTED
2016-12-24,70.7,HISTORICAL_RECONSTRUCTED
2016-12-25,69.8,HISTORICAL_RECONSTRUCTED
2016-12-26,66.5,HISTORICAL_RECONSTRUCTED
2016-12-27,71.9,HISTORICAL_RECONSTRUCTED
2016-12-28,71.1,HISTORICAL_RECONSTRUCTED
2016-12-29,70.4,HISTORICAL_RECONSTRUCTED
2016-12-30,70.1,HISTORICAL_RECONSTRUCTED
2016-12-31,70.5,HISTORICAL_RECONSTRUCTED
2017-01-01,75.8,HISTORICAL_RECONSTRUCTED
2017-01-02,79.4,HISTORICAL_RECONSTRUCTED
2017-01-03,88.2,HISTORICAL_RECONSTRUCTED
2017-01-04,89.6,HISTORICAL_RECONSTRUCTED
2017-01-05,77.0,HISTORICAL_RECONSTRUCTED
2017-01-06,86.1,HISTORICAL_RECONSTRUCTED
2017-01-07,86.9,HISTORICAL_RECONSTRUCTED
2017-01-08,77.2,HISTORICAL_RECONSTRUCTED
2017-01-09,85.2,HISTORICAL_RECONSTRUCTED
2017-01-10,75.6,HISTORICAL_RECONSTRUCTED
2017-01-11,73.7,HISTORICAL_RECONSTRUCTED
2017-01-12,80.5,HISTORICAL_RECONSTRUCTED
2017-01-13,78.1,HISTORICAL_RECONSTRUCTED
2017-01-14,65.5,HISTORICAL_RECONSTRUCTED
2017-01-15,73.3,HISTORICAL_RECONSTRUCTED
2017-01-16,85.7,HISTORICAL_RECONSTRUCTED
2017-01-17,70.7,HISTORICAL_RECONSTRUCTED
2017-01-18,70.4,HISTORICAL_RECONSTRUCTED
2017-01-19,67.1,HISTORICAL_RECONSTRUCTED
2017-01-20,63.9,HISTORICAL_RECONSTRUCTED
2017-01-21,67.2,HISTORICAL_RECONSTRUCTED
2017-01-22,68.3,HISTORICAL_RECONSTRUCTED
2017-01-23,71.6,HISTORICAL_RECONSTRUCTED
2017-01-24,75.1,HISTORICAL_RECONSTRUCTED
2017-01-25,82.3,HISTORICAL_RECONSTRUCTED
2017-01-26,80.0,HISTORICAL_RECONSTRUCTED
2017-01-27,77.1,HISTORICAL_RECONSTRUCTED
2017-01-28,82.6,HISTORICAL_RECONSTRUCTED
2017-01-29,74.6,HISTORICAL_RECONSTRUCTED
2017-01-30,84.1,HISTORICAL_RECONSTRUCTED
2017-01-31,85.3,HISTORICAL_RECONSTRUCTED
2017-02-01,80.2,HISTORICAL_RECONSTRUCTED
2017-02-02,92.1,HISTORICAL_RECONSTRUCTED
2017-02-03,87.2,HISTORICAL_RECONSTRUCTED
2017-02-04,86.9,HISTORICAL_RECONSTRUCTED
2017-02-05,88.9,HISTORICAL_RECONSTRUCTED
2017-02-06,87.6,HISTORICAL_RECONSTRUCTED
2017-02-07,86.7,HISTORICAL_RECONSTRUCTED
2017-02-08,79.3,HISTORICAL_RECONSTRUCTED
2017-02-09,76.3,HISTORICAL_RECONSTRUCTED
2017-02-10,80.8,HISTORICAL_RECONSTRUCTED
2017-02-11,78.7,HISTORICAL_RECONSTRUCTED
2017-02-12,70.9,HISTORICAL_RECONSTRUCTED
2017-02-13,69.7,HISTORICAL_RECONSTRUCTED
2017-02-14,69.8,HISTORICAL_RECONSTRUCTED
2017-02-15,72.3,HISTORICAL_RECONSTRUCTED
2017-02-16,75.6,HISTORICAL_RECONSTRUCTED
2017-02-17,67.2,HISTORICAL_RECONSTRUCTED
2017-02-18,73.8,HISTORICAL_RECONSTRUCTED
2017-02-19,72.3,HISTORICAL_RECONSTRUCTED
2017-02-20,83.4,HISTORICAL_RECONSTRUCTED
2017-02-21,74.1,HISTORICAL_RECONSTRUCTED
2017-02-22,74.0,HISTORICAL_RECONSTRUCTED
2017-02-23,78.7,HISTORICAL_RECONSTRUCTED
2017-02-24,87.4,HISTORICAL_RECONSTRUCTED
2017-02-25,90.1,HISTORICAL_RECONSTRUCTED
2017-02-26,83.7,HISTORICAL_RECONSTRUCTED
2017-02-27,85.9,HISTORICAL_RECONSTRUCTED
2017-02-28,86.9,HISTORICAL_RECONSTRUCTED
2017-03-01,78.0,HISTORICAL_RECONSTRUCTED
2017-03-02,88.0,HISTORICAL_RECONSTRUCTED
2017-03-03,85.5,HISTORICAL_RECONSTRUCTED
2017-03-04,81.1,HISTORICAL_RECONSTRUCTED
2017-03-05,76.8,HISTORICAL_RECONSTRUCTED
2017-03-06,76.8,HISTORICAL_RECONSTRUCTED
2017-03-07,76.1,HISTORICAL_RECONSTRUCTED
2017-03-08,73.0,HISTORICAL_RECONSTRUCTED
2017-03-09,74.0,HISTORICAL_RECONSTRUCTED
2017-03-10,68.7,HISTORICAL_RECONSTRUCTED
2017-03-11,71.9,HISTORICAL_RECONSTRUCTED
2017-03-12,68.8,HISTORICAL_RECONSTRUCTED
2017-03-13,68.0,HISTORICAL_RECONSTRUCTED
2017-03-14,68.6,HISTORICAL_RECONSTRUCTED
2017-03-15,71.6,HISTORICAL_RECONSTRUCTED
2017-03-16,74.2,HISTORICAL_RECONSTRUCTED
2017-03-17,73.1,HISTORICAL_RECONSTRUCTED
2017-03-18,73.3,HISTORICAL_RECONSTRUCTED
2017-03-19,72.7,HISTORICAL_RECONSTRUCTED
2017-03-20,79.6,HISTORICAL_RECONSTRUCTED
2017-03-21,86.0,HISTORICAL_RECONSTRUCTED
2017-03-22,82.9,HISTORICAL_RECONSTRUCTED
2017-03-23,79.7,HISTORICAL_RECONSTRUCTED
2017-03-24,90.7,HISTORICAL_RECONSTRUCTED
2017-03-25,87.3,HISTORICAL_RECONSTRUCTED
2017-03-26,86.3,HISTORICAL_RECONSTRUCTED
2017-03-27,75.7,HISTORICAL_RECONSTRUCTED
2017-03-28,86.3,HISTORICAL_RECONSTRUCTED
2017-03-29,86.8,HISTORICAL_RECONSTRUCTED
2017-03-30,81.0,HISTORICAL_RECONSTRUCTED
2017-03-31,83.3,HISTORICAL_RECONSTRUCTED
2017-04-01,73.1,HISTORICAL_RECONSTRUCTED
2017-04-02,72.6,HISTORICAL_RECONSTRUCTED
2017-04-03,71.4,HISTORICAL_RECONSTRUCTED
2017-04-04,75.9,HISTORICAL_RECONSTRUCTED
2017-04-05,63.5,HISTORICAL_RECONSTRUCTED
2017-04-06,63.2,HISTORICAL_RECONSTRUCTED
2017-04-07,69.2,HISTORICAL_RECONSTRUCTED
2017-04-08,68.9,HISTORICAL_RECONSTRUCTED
2017-04-09,64.6,HISTORICAL_RECONSTRUCTED
2017-04-10,68.7,HISTORICAL_RECONSTRUCTED
2017-04-11,67.8,HISTORICAL_RECONSTRUCTED
2017-04-12,63.0,HISTORICAL_RECONSTRUCTED
2017-04-13,71.8,HISTORICAL_RECONSTRUCTED
2017-04-14,72.4,HISTORICAL_RECONSTRUCTED
2017-04-15,68.8,HISTORICAL_RECONSTRUCTED
2017-04-16,70.5,HISTORICAL_RECONSTRUCTED
2017-04-17,73.2,HISTORICAL_RECONSTRUCTED
2017-04-18,80.2,HISTORICAL_RECONSTRUCTED
2017-04-19,80.4,HISTORICAL_RECONSTRUCTED
2017-04-20,78.5,HISTORICAL_RECONSTRUCTED
2017-04-21,81.0,HISTORICAL_RECONSTRUCTED
2017-04-22,77.7,HISTORICAL_RECONSTRUCTED
2017-04-23,80.4,HISTORICAL_RECONSTRUCTED
2017-04-24,79.1,HISTORICAL_RECONSTRUCTED
2017-04-25,75.3,HISTORICAL_RECONSTRUCTED
2017-04-26,85.2,HISTORICAL_RECONSTRUCTED
2017-04-27,84.3,HISTORICAL_RECONSTRUCTED
2017-04-28,78.7,HISTORICAL_RECONSTRUCTED
2017-04-29,78.1,HISTORICAL_RECONSTRUCTED
2017-04-30,71.3,HISTORICAL_RECONSTRUCTED
2017-05-01,70.6,HISTORICAL_RECONSTRUCTED
2017-05-02,75.4,HISTORICAL_RECONSTRUCTED
2017-05-03,70.1,HISTORICAL_RECONSTRUCTED
2017-05-04,67.1,HISTORICAL_RECONSTRUCTED
2017-05-05,66.6,HISTORICAL_RECONSTRUCTED
2017-05-06,72.7,HISTORICAL_RECONSTRUCTED
2017-05-07,72.2,HISTORICAL_RECONSTRUCTED
2017-05-08,66.4,HISTORICAL_RECONSTRUCTED
2017-05-09,68.4,HISTORICAL_RECONSTRUCTED
2017-05-10,72.3,HISTORICAL_RECONSTRUCTED
2017-05-11,70.7,HISTORICAL_RECONSTRUCTED
2017-05-12,74.0,HISTORICAL_RECONSTRUCTED
2017-05-13,76.4,HISTORICAL_RECONSTRUCTED
2017-05-14,75.7,HISTORICAL_RECONSTRUCTED
2017-05-15,75.2,HISTORICAL_RECONSTRUCTED
2017-05-16,72.3,HISTORICAL_RECONSTRUCTED
2017-05-17,80.2,HISTORICAL_RECONSTRUCTED
2017-05-18,76.5,HISTORICAL_RECONSTRUCTED
2017-05-19,80.7,HISTORICAL_RECONSTRUCTED
2017-05-20,78.8,HISTORICAL_RECONSTRUCTED
2017-05-21,82.7,HISTORICAL_RECONSTRUCTED
2017-05-22,79.8,HISTORICAL_RECONSTRUCTED
2017-05-23,84.6,HISTORICAL_RECONSTRUCTED
2017-05-24,78.8,HISTORICAL_RECONSTRUCTED
2017-05-25,77.3,HISTORICAL_RECONSTRUCTED
2017-05-26,76.6,HISTORICAL_RECONSTRUCTED
2017-05-27,78.9,HISTORICAL_RECONSTRUCTED
2017-05-28,73.4,HISTORICAL_RECONSTRUCTED
2017-05-29,71.6,HISTORICAL_RECONSTRUCTED
2017-05-30,70.3,HISTORICAL_RECONSTRUCTED
2017-05-31,65.2,HISTORICAL_RECONSTRUCTED
2017-06-01,63.7,HISTORICAL_RECONSTRUCTED
2017-06-02,61.9,HISTORICAL_RECONSTRUCTED
2017-06-03,68.6,HISTORICAL_RECONSTRUCTED
2017-06-04,65.9,HISTORICAL_RECONSTRUCTED
2017-06-05,63.9,HISTORICAL_RECONSTRUCTED
2017-06-06,67.1,HISTORICAL_RECONSTRUCTED
2017-06-07,61.0,HISTORICAL_RECONSTRUCTED
2017-06-08,67.1,HISTORICAL_RECONSTRUCTED
2017-06-09,74.6,HISTORICAL_RECONSTRUCTED
2017-06-10,76.4,HISTORICAL_RECONSTRUCTED
2017-06-11,69.0,HISTORICAL_RECONSTRUCTED
2017-06-12,77.1,HISTORICAL_RECONSTRUCTED
2017-06-13,75.6,HISTORICAL_RECONSTRUCTED
2017-06-14,70.3,HISTORICAL_RECONSTRUCTED
2017-06-15,84.0,HISTORICAL_RECONSTRUCTED
2017-06-16,81.3,HISTORICAL_RECONSTRUCTED
2017-06-17,77.6,HISTORICAL_RECONSTRUCTED
2017-06-18,78.8,HISTORICAL_RECONSTRUCTED
2017-06-19,77.5,HISTORICAL_RECONSTRUCTED
2017-06-20,75.1,HISTORICAL_RECONSTRUCTED
2017-06-21,79.9,HISTORICAL_RECONSTRUCTED
2017-06-22,81.3,HISTORICAL_RECONSTRUCTED
2017-06-23,76.3,HISTORICAL_RECONSTRUCTED
2017-06-24,75.7,HISTORICAL_RECONSTRUCTED
2017-06-25,72.6,HISTORICAL_RECONSTRUCTED
2017-06-26,63.6,HISTORICAL_RECONSTRUCTED
2017-06-27,74.2,HISTORICAL_RECONSTRUCTED
2017-06-28,64.4,HISTORICAL_RECONSTRUCTED
2017-06-29,65.9,HISTORICAL_RECONSTRUCTED
2017-06-30,70.5,HISTORICAL_RECONSTRUCTED
